Id,DATE_DERNIERE_MAJ,TYPE,NOM_OFFRE,PORTE_ESCALIER,BATIMENT_RESIDENCE,RUE,LIEUDIT_BP,CODE_POSTAL,COMMUNE,COMMUNE_INSEE,TEL,TEL_MOB,MEL,SITE_WEB,LONGITUDE,LATITUDE,GEOLOC_MANUELLE,INFOS_COMPLEMENTAIRES_1,INFOS_COMPLEMENTAIRES_2,INFOS_COMPLEMENTAIRES_3,LABEL_TOURISME_HANDICAP,MARQUES_LABELS,OUVERTURE,TARIFS,VISITE_CONDITIONS_IND,VISITE_LANGUES_PARLEES,EQUIPEMENTS,SERVICES
LOIAQU040V50I9D0,31/12/2018,Bibliothèque - médiathèque,Bibliothèque,,,,,40180,SAUBUSSE,40293,+33 7 86 42 01 72,,,, -1.1873986,43.6561991,Oui,"
",,,,,,,,,,
LOIAQU040FS0003F,03/01/2020,Bibliothèque - médiathèque,Bibliothèque,,,2 rue Alexis Laloi,,40260,LINXE,40155,+33 5 58 42 97 04,,biblio@mairie-linxe.fr,, -1.2499263,43.9226723,Oui,"
",,,,,,,,,,
LOIAQU040V50I9B6,31/12/2018,Bibliothèque - médiathèque,Bibliothèque,,,203 Rue de l'Ecole,,40230,BENESSE-MAREMNE,40036,+33 5 58 72 53 78,,bibliobenesse@gmail.com,, -1.3611292,43.6345755,Oui,"
",,,,,,,,,,
LOIAQU033FS000LW,03/01/2020,Bibliothèque - médiathèque,Bibliothèque,,,378 avenue Victor Hugo,,33230,LES EGLISOTTES-ET-CHALAURES,33154,+33 5 57 69 37 07,,bibliothequeleseglisottes@orange.fr,, -0.039897,45.098141,Oui,"
",,,,,,,,,,
LOIAQU033V50CO4B,03/01/2020,Bibliothèque - médiathèque,Bibliothèque ,,,4 avenue de la République,,33380,MARCHEPRIME,33555,+33 5 57 71 80 21,,bibliotheque@ville-marcheprime.fr,http://ville-marcheprime.fr/biblioth%C3%A8que, -0.8542090,44.6916692,Oui,"
",,,,,,Tarif de base|||Abonnement annuel,,,,
LOIAQU033FS0008P,03/01/2020,Bibliothèque - médiathèque,Bibliothèque,,,8 rue Pierre Paulhiac,,33740,ARES,33011,+33 5 57 70 45 80,,bibliw.ares@wanadoo.fr,, -1.1391314,44.7653856,Oui,"
",,,,Famille Plus,,,,,,
LOIAQU040V50I9B5,31/12/2018,Bibliothèque - médiathèque,Bibliothèque,,,Mairie,,40150,ANGRESSE,40004,+33 5 58 43 51 94,,,, -1.3708251,43.6589570,Oui,"
",,,,,,,,,,
LOIAQU033FS0005K,03/01/2020,Bibliothèque - médiathèque,"Bibliothèque - Association ""LIRE""",,,Route de Bordeaux,,33121,CARCANS,33097,+33 5 56 03 90 36 # +33 5 56 03 81 99,,,http://blogdulac.canalblog.com/, -1.039371,45.07895,Oui,"
",,,,,,,,,,
LOIAQU040V50I9CG,31/12/2018,Bibliothèque - médiathèque,Bibliothèque - Médiathèque,,,,,40230,SAUBION,40291,+33 5 58 77 41 58,,mediatheque.saubion@wanadoo.fr,, -1.3481691,43.6712595,Oui,"
",,,,,,,,,,
LOIAQU040V50I9Z6,31/12/2018,Bibliothèque - médiathèque,Bibliothèque - Médiathèque ,,,,,40390,SAINTE-MARIE-DE-GOSSE,40271,,,,, -1.2393050,43.5565242,Oui,"
",,,,,,,,,,
LOIAQU033V50KZEI,03/01/2020,Bibliothèque - médiathèque,Bibliothèque Aliénor - Espace Culturel Alain Péronnau,,,4 avenue Plantagenêt,,33830,BELIN-BELIET,33042,+33 5 56 88 19 82,,bibliotheque@belin-beliet.fr,https://www.belin-beliet.fr/bibliotheque/, -0.786061,44.501306,Oui,"
",,,,,,,,,,
LOIAQU040V507B05,31/12/2018,Bibliothèque - médiathèque,Bibliothèque annexe de Gaâs,,,15 route de Pouillon,,40350,GAAS,40101,+33 5 58 98 34 75,,aufildesmots@orthe-arrigans.fr,, -1.0341512,43.6137667,,"
",,,,,,,,,,
LOIAQU040V5080HS,31/12/2018,Bibliothèque - médiathèque,Bibliothèque annexe de Tilh,,,57 avenue de la Poste,,40360,TILH,40316,+33 5 58 98 34 75,,aufildesmots@orthe-arrigans.fr,http://www.facebook.com/aufildesmots40/, -0.8360042,43.5753115,,"
",,,,,,,,,,
LOIAQU047V50DGVE,03/01/2020,Bibliothèque - médiathèque,Bibliothèque associative,,,47 route de la Métairie,,47250,BOUGLON,47034,,+33 7 81 45 05 12,4ventsdubouglonnais@gmail.com,,0.0966590,44.3929910,Non,"
",,,,,01/01/2020|31/12/2020|||||,"Tarif de base|10,00|10,00|",,,,
LOIAQU033FS000E1,03/01/2020,Bibliothèque - médiathèque,Bibliothèque CdC Coeur du Médoc,,,37 cours du Maréchal de Lattre de Tassigny,,33340,LESPARRE-MEDOC,33240,+33 5 56 41 80 66,,bib.coeurmedoc@wanadoo.fr,, -0.9360050,45.3061081,Oui,"
",,,,,,"Gratuit|||Moins de 18 ans, handicapés et demandeurs d'emploi # Tarif réduit|||Pour les habitants de la Cdc Coeur Médoc # Tarif de base|||Pour les habitants hors Cdc Coeur Médoc",,,,
LOIAQU064V5ADVWR,03/01/2020,Bibliothèque - médiathèque,Bibliothèque d'Ascain,,,24 Route de Saint Ignace,,64310,ASCAIN,64065,+33 5 59 54 68 36,,,, -1.6157014,43.3378594,Oui,"
",,,,,01/01/2020|31/12/2020|||||,"Tarif de base|7,00|7,00|",,,,
LOIAQU033FS000KR,03/01/2020,Bibliothèque - médiathèque,Bibliothèque de Bernos-Beaulac,,,27 route de Bernos,,33430,BERNOS-BEAULAC,33046,+33 5 56 25 44 76 # +33 5 56 25 41 42,,,, -0.2528395,44.3765443,,"
",,,,,,,,,,
LOIAQU047FS000CS,16/01/2020,Bibliothèque - médiathèque,Bibliothèque de Buzet-sur-Baïse,,,1 place de la Résistance,,47160,BUZET-SUR-BAISE,47043,+33 5 53 79 64 39,+33 6 13 77 23 16,bibliotheque.buzet@gmail.com,,0.2981789,44.2580978,,"
",,,,,01/01/2020|31/12/2020|||||,"Tarif de base|15,00|15,00|Abonnement annuel",,,,
LOIAQU033FS000KQ,03/01/2020,Bibliothèque - médiathèque,Bibliothèque de Captieux,,,10 avenue du Stade,,33840,CAPTIEUX,33095,+33 5 56 65 60 50 # +33 5 56 65 60 31,,,, -0.2597481,44.2928608,,"
",,,,,,,,,,
LOIAQU047FS0006G,09/01/2020,Bibliothèque - médiathèque,Bibliothèque de Casteljaloux,1er étage,Centre Jean Monnet,Place Gambetta,,47700,CASTELJALOUX,47052,+33 5 53 20 11 30,,biblio@mairie-casteljaloux.fr,http://www.mairie-casteljaloux.fr # http://casteljaloux.c3rb.org/opac_net/,0.08538007,44.3138154,Oui,"
",,,,,01/01/2020|30/06/2020||||| # 01/07/2020|31/08/2020||||| # 01/09/2020|31/12/2020|||||,"Tarif de base|15,00|30,00|Abonnements # Gratuit|||Enfant jusqu'à 16 ans, collégiens, lycéens et étudiants",Visite libre,,,
LOIAQU047V506E9O,09/01/2020,Bibliothèque - médiathèque,Bibliothèque de Caubeyres,,Le Chai,,Le Bourg,47160,CAUBEYRES,47058,+33 5 53 79 47 17,,bibliocaubeyres47160@gmail.com,,0.2031790,44.2578370,,"
",,,,,01/01/2020|31/12/2020|||||,Gratuit|||,,,,
LOIAQU033FS000H2,03/01/2020,Bibliothèque - médiathèque,Bibliothèque de Cézac,,,Maison des associations,,33620,CEZAC,33123,+33 5 57 68 19 68,,bibli.cezac@wanadoo.fr,, -0.4193239,45.0911700,,"
",,,,,,,,,,
LOIAQU033FS000P2,03/01/2020,Bibliothèque - médiathèque,Bibliothèque de Cudos,,,,,33430,CUDOS,33144,,,,, -0.2191972,44.3866325,Oui,"
",,,,,,,,,,
LOIAQU047V50E3I1,14/01/2020,Bibliothèque - médiathèque,Bibliothèque de Dausse et Trémons,,,,,47140,DAUSSE,47079,+33 5 53 41 21 16,,bibliotheque.dausse@orange.fr,,0.886254,44.388969,Oui,"
",,,,,01/01/2020|31/12/2020|||||,,,,,
LOIAQU033FS000H6,03/01/2020,Bibliothèque - médiathèque,Bibliothèque de Donnezac,,,Le bourg,,33860,DONNEZAC,33151,+33 9 61 04 91 16,,,, -0.4439163,45.2484252,Oui,"
",,,,,,,,,,
LOIAQU047FS0006I,03/01/2020,Bibliothèque - médiathèque,Bibliothèque de Durance,,,,Le Bourg,47420,DURANCE,47085,,+33 5 53 65 88 54,,,0.1636990,44.1649220,Oui,"
",,,,,01/01/2020|31/12/2020|||||,,,,,
LOIAQU033V50P3FF,03/01/2020,Bibliothèque - médiathèque,Bibliothèque de Grayan-et-l'Hôpital,,,48 rue des Goélands,,33590,GRAYAN-ET-L'HOPITAL,33193,,+33 5 56 09 58 29,,, -1.086042,45.444408,Oui,"
",,,,,,,,,,
LOIAQU033FS000KP,03/01/2020,Bibliothèque - médiathèque,Bibliothèque de Grignols,,,Place de l'Eglise,,33690,GRIGNOLS,33195,+33 5 56 25 51 05,,bibliotheque.grignols@wanadoo.fr,http://biblio-grignols33.monsite.wanadoo.fr, -0.0606321,44.3809783,,"
",,,,,,Gratuit|||jusqu'à 18 ans,,,,
LOIAQU047FS0006H,03/01/2020,Bibliothèque - médiathèque,Bibliothèque de Houeillès,,,Place du Foirail,,47420,HOUEILLES,47119,+33 5 53 89 10 30,,mairie-houeilles@wanadoo.fr,,0.0330389,44.1953152,Oui,"
",,,,,01/01/2020|31/12/2020|||||,"Tarif de base|12,00|12,00|abonnement par an et par famille # Gratuit|||Enfants scolarisés dans les écoles de la commune",,,Aire de pique-nique,
LOIAQU033FS000MT,03/01/2020,Bibliothèque - médiathèque,Bibliothèque de Hourtin,,,Rue des Ecoles,Derrière la Mairie,33990,HOURTIN,33203,+33 5 56 09 15 16 # +33 5 56 09 17 99,,,, -1.0570049,45.1866345,Oui,"
",,,,,,,,,,
LOIAQU047V504KX9,03/01/2020,Bibliothèque - médiathèque,Bibliothèque de La Sauvetat-du-Dropt,,Maison des loisirs,Rue du Gué,Côté de l'école,47800,LA SAUVETAT-DU-DROPT,47290,+33 5 53 83 03 27,,,,0.34095500,44.648037,Oui,"
",,,,,01/01/2020|31/12/2020|||||Dimanche - Jeudi - Lundi - Mardi - Mercredi matin - Samedi - Vendredi,"Gratuit|10,00|10,00|Carte abonnement",,,Aire de pique-nique # Restauration,
LOIAQU033FS000H5,03/01/2020,Bibliothèque - médiathèque,Bibliothèque de Laruscade,,,Le bourg,,33620,LARUSCADE,33233,+33 5 57 68 57 92,,biblio@mairie-laruscade.fr,, -0.3410482,45.1081204,Oui,"
",,,,,,,,,,
LOIAQU047FS000C0,03/01/2020,Bibliothèque - médiathèque,Bibliothèque de Lauzun,Salle des Aînés,,,,47410,LAUZUN,47142,+33 5 53 20 10 07,,,,0.4611253,44.6298924,Oui,"
",,,,,01/01/2020|31/12/2020|||||,"Tarif de base|10,00|10,00|Carte de bibliothèque",,,,Wifi
LOIAQU047FS000C1,03/01/2020,Bibliothèque - médiathèque,Bibliothèque de Lavergne,,Ecole de Lavergne,,Brideau Haut,47800,LAVERGNE,47144,+33 5 53 93 25 16,,mairie.lavergne@wanadoo.fr ,,0.4087370,44.5903100,,"
",,,,,01/01/2020|31/12/2020|||16:30|18:30|Dimanche - Jeudi - Lundi - Mercredi - Samedi - Vendredi,"Tarif de base|10,00|10,00|Cotisation annuelle",,,,
LOIAQU033V50CE7W,03/01/2020,Bibliothèque - médiathèque,Bibliothèque de Mios,,,Rue Saint-Martin,,33380,MIOS,33284,,+33 5 56 26 49 40,,https://www.facebook.com/bibliotheque.mios/?fref=ts # http://www.ville-mios.fr/, -0.9398919,44.6054843,Oui,"
",,,,,,,,,,
LOIAQU024V503JT3,31/12/2018,Bibliothèque - médiathèque,Bibliothèque de Monsec,,,Place de la Mairie,,24340,MAREUIL EN PÉRIGORD,24253,+33 5 53 03 68 50,,bibliothequemonsec@dronneetbelle.fr,http://mediathequesdronneetbelle.jimdo.com,0.53288226,45.4212642,Oui,"
",,,,,,,,,,
LOIAQU047FS000BU,03/01/2020,Bibliothèque - médiathèque,Bibliothèque de Roumagne,,MAIRIE DE ROUMAGNE,,,47800,ROUMAGNE,47226,+33 5 53 93 30 65,,biblio@mairiederoumagne.fr ,,0.33834457,44.6188216,Oui,"
",,,,,01/01/2020|31/12/2020|||||Dimanche - Lundi - Mardi - Mercredi - Samedi - Vendredi,"Tarif de base|10,00|10,00|Abonnement",,,,
LOIAQU033FS000H3,03/01/2020,Bibliothèque - médiathèque,Bibliothèque de Saint Christoly de Blaye,,,Le bourg,,33920,SAINT-CHRISTOLY-DE-BLAYE,33382,+33 5 57 42 74 49,,bibilotheque.stchristolydeblaye@orange.fr,, -0.5080747,45.1299844,Oui,"
",,,,,,,,,,
LOIAQU033FS000R5,03/01/2020,Bibliothèque - médiathèque,Bibliothèque de Saint Laurent,,,7 rue du Général de Gaulle,,33112,SAINT-LAURENT-MEDOC,33424,+33 5 56 59 40 96,,bibliotheque.slm@wanadoo.fr,, -0.8220809,45.1508021,Oui,"
",,,,,,Gratuit|||Pour les enfants de moins de 12 ans,,,,
LOIAQU033FS00126,03/01/2020,Bibliothèque - médiathèque,Bibliothèque de Saint Médard de Guizières,,,Impasse du château d'eau,,33230,SAINT-MEDARD-DE-GUIZIERES,33447,+33 5 57 56 45 45,+33 6 87 86 09 25,,, -0.0565300,45.0174410,,"
",,,,,,,,,,
LOIAQU033V50P3F9,03/01/2020,Bibliothèque - médiathèque,Bibliothèque de Saint Vivien-de-Médoc,,,Cours Pierre Lassalle,,33590,SAINT-VIVIEN-DE-MEDOC,33490,,,,, -1.0338060,45.426679,Oui,"
",,,,,,,,,,
LOIAQU047FS000BW,03/01/2020,Bibliothèque - médiathèque,Bibliothèque de Saint-Colomb de Lauzun,,,La mairie-Le bourg,,47410,SAINT-COLOMB-DE-LAUZUN,47235,+33 5 53 76 64 00,, colomb.st@wanadoo.fr  # bibliostcolomb@laposte.net,,0.473325,44.614472,Oui,"
",,,,,01/01/2020|31/12/2020|||||,"Gratuit|10,00|10,00|Abonnement",,,,
LOIAQU047V50A39A,17/01/2020,Bibliothèque - médiathèque,Bibliothèque de Sainte-Marthe,,,Le bourg,,47430,SAINTE-MARTHE,47253,+33 5 53 20 65 60,,,,0.14902800,44.415289,Oui,"
",,,,,01/01/2020|31/12/2020|||||,,,,,
LOIAQU033V5001C0,03/01/2020,Bibliothèque - médiathèque,Bibliothèque de Saint-Macaire,,,,,33490,SAINT-MACAIRE,33435,+33 5 56 63 03 64,,,, -0.2263340,44.5652890,,"
",,,,,,,,,,
LOIAQU047FS000BV,03/01/2020,Bibliothèque - médiathèque,Bibliothèque de Saint-pardoux-Isaac,,,La Mairie,,47800,SAINT-PARDOUX-ISAAC,47264,+33 5 53 93 22 51,,biblio.stpardouxisaac@orange.fr  ,,0.37216186,44.6125897,Oui,"
",,,,,01/01/2020|31/07/2020|||||Dimanche - Jeudi matin - Lundi - Mardi - Mercredi - Samedi - Vendredi # 01/09/2020|31/12/2020|||||Dimanche - Jeudi matin - Lundi - Mardi - Mercredi - Samedi - Vendredi,"Gratuit|||Abonnement enfants # Tarif de base|10,00|10,00|Abonnement adultes",,,,
LOIAQU033FS000H4,03/01/2020,Bibliothèque - médiathèque,Bibliothèque de Saint-Savin,,,Le bourg,,33920,SAINT-SAVIN,33473,+33 5 57 58 95 09,,saint-savin.bibliotheque@orange.fr,, -0.4453325,45.1382191,Oui,"
",,,,,,,,,,
LOIAQU033FS000H7,03/01/2020,Bibliothèque - médiathèque,Bibliothèque de Saint-Yzan-de-Soudiac,,,Le bourg,,33920,SAINT-YZAN-DE-SOUDIAC,33492,+33 5 57 58 00 45,,bibilotheque.st-yzandesoudiac@orange.fr,, -0.412211,45.140712,Oui,"
",,,,,,,,,,
LOIAQU033FS000PS,03/01/2020,Bibliothèque - médiathèque,Bibliothèque de Vertheuil,,,Cour d'honneur de l'école,,33180,VERTHEUIL,33545,,,,, -0.8349640,45.2506090,,"
",,,,,,,,,,
LOIAQU047FS000CQ,16/01/2020,Bibliothèque - médiathèque # Gymnase,Bibliothèque de Vianne,Espace Jourdain de l'Isle,,Rue Martyrs de la Résistance,,47230,VIANNE,47318,+33 5 53 65 77 22,,bibliotheque.vianne@orange.fr ,,0.32176474,44.1971404,Oui,"
",,,,,01/01/2020|31/12/2020|||||Dimanche - Jeudi après midi - Lundi - Mardi après midi - Samedi après midi - Vendredi matin,"Tarif de base|10,00|10,00|Abonnement annuel par foyer pour les adultes # Gratuit|||Moins de 16 ans.",,,,
LOIAQU024FS0005K,02/01/2018,Bibliothèque - médiathèque,Bibliothèque du Pays Beaumontois,,,rue Foussal,,24440,BEAUMONTOIS EN PERIGORD,24028,+33 5 53 22 44 74,,,,0.7672500,44.7677346,,"
",,,,,,,,,,
LOIAQU033V50FZTP,03/01/2020,Bibliothèque - médiathèque,Bibliothèque du Verdon-sur-Mer,,,Rue Marsouins,,33123,LE VERDON-SUR-MER,33544,+33 5 56 09 63 21,,biblio.leverdon@gmail.com,, -1.0647911,45.5439456,Oui,"
",,,,,,,,,,
LOIAQU064V5ACYX5,03/01/2020,Bibliothèque - médiathèque,Bibliothèque d'Urrugne,Complexe Iturbidea,,Allee Tobeen,,64122,URRUGNE,64545,+33 6 33 44 21 45,,,, -1.699282,43.364617,Oui,"
",,,,,01/01/2020|31/12/2020|||||,Tarif de base|||Adhésion # Gratuit|||Enfant scolarisé à Urrugne # Tarif réduit|||de 11 à 18 ans,,,Accessible en poussette # Parking autocar,Espace jeux # Wifi
LOIAQU040FS000IQ,03/01/2020,Bibliothèque - médiathèque,Bibliothèque et ludothèque,109 place de l'église,,,,40170,LEVIGNACQ,40154,,,,, -1.1661659,44.005114,Oui,"
",,,,,,,,,,
LOIAQU047FS00063,03/01/2020,Bibliothèque - médiathèque,"Bibliothèque intercommunale - Association ""Biblilude""",,,,Bourg de Born,47210,SAINT-EUTROPE-DE-BORN,47241,+33 5 53 36 65 89,,biblilude@orange.fr,http://ccbhap.c3rb.org,0.70209503,44.5711488,Oui,"
",,,,,01/01/2020|31/12/2020|||||,Gratuit|||,,,,Wifi
LOIAQU047FS00062,03/01/2020,Bibliothèque - médiathèque,Bibliothèque intercommunale - Espace Roger Bissière,,,Boulevard Palissy,,47210,VILLEREAL,47324,+33 5 53 36 01 24,,bibliotheque-villereal@orange.fr,http://ccbhap.c3rb.org,0.7469085,44.6344093,,"
",,,,,01/01/2020|31/12/2020|||||,Gratuit|||,,,,Wifi
LOIAQU040V50CJ1V,02/01/2018,Bibliothèque - médiathèque,Bibliothèque intercommunale Cazères / Le Vignau / Lussagnet,116 Rue Georges Rande,,,,40270,CAZERES-SUR-L'ADOUR,40080,+33 5 58 52 23 74,,bibliotheque.cazeres@orange.fr,, -0.3154532,43.7598334,Oui,"
",,,,,,,,,,
LOIAQU047FS0009Q,03/01/2020,Bibliothèque - médiathèque,Bibliothèque intercommunale de Castillonnès,,,18 rue des Anciens Combattants,,47330,CASTILLONNES,47057,+33 5 53 01 75 33,,bibliotheque.castillonnes@orange.fr,http://ccbhap.c3rb.org/,0.5917219,44.6532118,,"
",,,,,01/01/2020|31/12/2020|||||,Gratuit|||,Visite libre,Français,Salle(s) de réunion,Wifi
LOIAQU047FS0008V,03/01/2020,Bibliothèque - médiathèque,Bibliothèque intercommunale de Monbahus,,,,Mairie,47290,MONBAHUS,47170,+33 5 53 70 96 15,,,http://ccbhap.c3rb.org,0.5355709,44.5491121,Oui,"
",,,,,01/01/2020|31/12/2020|||||,Gratuit|||,,,,Wifi
LOIAQU04001QH85D,03/01/2020,Bibliothèque - médiathèque,Bibliothèque intercommunale de Pouillon,Maison du Temps libre,,12 allée du temps libre,,40350,POUILLON,40233,+33 5 58 98 34 75,,aufildesmots@orthe-arrigans.fr,https://www.pays-orthe-arrigans.fr/culture-et-loisirs/bibliotheques-et-mediatheques/bibliotheques-et-mediatheques-sur-le-territoire.html, -0.9910667,43.6073595,,"
",,,,,,,,,,
LOIAQU033FS000CE,03/01/2020,Bibliothèque - médiathèque,Bibliothèque Les Amis de La Hume,,,12 avenue de la Plage ,Clos Fleuri,33470,GUJAN-MESTRAS,33199,,+33 6 45 19 93 99,lesamisdelahume@hotmail.fr,, -1.1103916,44.6386737,Oui,"
",,,,,01/01/2020|31/12/2020|||||,"Tarif de base|5,00|5,00|Cotisation annuelle.",,,,
LOIAQU040V50I9C6,31/12/2018,Bibliothèque - médiathèque,Bibliothèque -Médiathèque,,,163 Route de Saint Laurent de Gosse,,40390,SAINT-MARTIN-DE-HINX,40272,+33 5 59 56 38 41,,mediatheque.sainte.mariedegosse@wanadoo.fr,, -1.2393227,43.5564952,Oui,"
",,,,,,,,,,
LOIAQU047FS0006D,03/01/2020,Bibliothèque - médiathèque,Bibliothèque Michel Serres,,,28 boulevard Jules Ferry,,47800,MIRAMONT-DE-GUYENNE,47168,+33 5 53 93 18 01,,bibliotheque@miramontdeguyenne.fr,http://miramontdeguyenne.bibli.fr,0.3581920,44.6017049,,"
",,,,,01/01/2020|31/12/2020|||13:45|17:45|Dimanche - Mardi - Samedi,"Tarif de base|10,00|10,00|A partir de 15 ans # Gratuit|||Jusqu'à 14 ans",,,,
LOIAQU024FS0002G,23/01/2020,Bibliothèque - médiathèque,Bibliothèque Municipale ,,,,,24220,COUX ET BIGAROQUE-MOUZENS,24142,+33 5 53 31 61 07,,,,1.0777723,44.8641887,,"
",,,,,,,,,,
LOIAQU024FS0002B,23/01/2020,Bibliothèque - médiathèque,Bibliothèque Municipale ,,,,Place de la liberté,24220,SAINT-CYPRIEN,24396,+33 5 53 28 23 03,,bmstcyprien24@wanadoo.fr,http://bibstcyprien.over-blog.com/,1.0426780,44.8697670,,"
",,,,,,,,,,
LOIAQU047FS0008I,03/01/2020,Bibliothèque - médiathèque,Bibliothèque Municipale,,,17 rue Aramon Noir,,47250,COCUMONT,47068,+33 5 53 94 50 25,,,http://www.cocumont.fr,0.0265633,44.4473887,Oui,"
",,,,,01/01/2020|31/12/2020|||||Dimanche - Jeudi - Mardi - Mercredi - Vendredi,Gratuit|||enfant,,,,
LOIAQU04001SP6NE,16/01/2020,Bibliothèque - médiathèque,Bibliothèque municipale,,,21 avenue de la Liberté,,40990,SAINT-PAUL-LES-DAX,40279,+33 5 58 91 53 05,,,, -1.0515364,43.7225717,,"
",,,,,,,,,,
LOIAQU047V50E3I5,14/01/2020,Bibliothèque - médiathèque,Bibliothèque municipale,,,29 rue de la République,,47140,SAINT-SYLVESTRE-SUR-LOT,47280,+33 5 53 01 96 84 # +33 5 53 41 24 58,,,,0.8045114,44.3972682,Non,"
",,,,,01/01/2020|31/12/2020|||||Dimanche - Lundi - Vendredi,,,,,
LOIAQU024FS00020,31/12/2018,Bibliothèque - médiathèque,Bibliothèque municipale,,,32 rue de la République,,24200,SARLAT-LA-CANEDA,24520,+33 5 53 31 11 66,,fernandez.marie-christine@sarlat.fr,,1.21585071,44.8888177,Oui,"
",,,,,,,,,,
LOIAQU040FS0005V,16/01/2020,Bibliothèque - médiathèque,Bibliothèque municipale,,,5 rue du palais,,40100,DAX,40088,+33 5 58 74 72 89,,bibliotheque@dax.fr,http://bibliotheque.dax.fr/, -1.0518112,43.7099626,Oui,"
",,,,,,,,,,
LOIAQU033FS000MM,03/01/2020,Bibliothèque - médiathèque,Bibliothèque municipale,,,85 cours du Maréchal Juin,,33000,BORDEAUX,33063,+33 5 56 10 30 00,,dgac.lectpub@mairie-bordeaux.fr,, -0.5834431,44.8360031,Oui,"
",,,,,,,,,,
LOIAQU047FS0008H,03/01/2020,Bibliothèque - médiathèque,Bibliothèque Municipale,,,Boulevard François Mitterrand,,47400,TONNEINS,47310,+33 5 53 84 57 58,,bibliotheque@mairie-tonneins.fr,http://www.mairie-tonneins.fr # http://mediatheque.mairie-tonneins.fr,0.31087875,44.3892369,Oui,"
",,,,,01/01/2020|31/12/2020|||||,,,Français,,Espace jeux # Wifi
LOIAQU064V5AD37S,31/01/2020,Bibliothèque - médiathèque,Bibliothèque municipale,,,Place centrale,,64470,TARDETS-SORHOLUS,64533,+33 5 59 28 54 79,,comtardets@cdg-64.fr,, -0.8635638,43.1164186,Non,"
",,,,,01/01/2020|31/12/2020|||||Dimanche - Jeudi - Lundi après midi - Mardi - Mercredi matin - Vendredi,"Tarif de base|5,00||Abonnement annuel",,,,
LOIAQU047V50A2W9,16/01/2020,Bibliothèque - médiathèque,Bibliothèque municipale,,,Place de la Poste,,47230,BARBASTE,47021,+33 5 53 65 48 79,,bibliotheque.barbaste@orange.fr,http://www.barbaste.fr,0.28700979,44.169902,Oui,"
",,,,,01/01/2020|31/07/2020|||||Dimanche - Jeudi - Lundi - Vendredi # 01/09/2020|24/12/2020|||||Dimanche - Jeudi - Lundi - Vendredi,,,,,
LOIAQU047V50E3I2,14/01/2020,Bibliothèque - médiathèque,Bibliothèque municipale,,,Rue du 14 Juillet,,47140,PENNE-D'AGENAIS,47203,+33 5 53 71 72 89,,,,0.819048,44.389038,Oui,"
",,,,,01/01/2020|31/12/2020|||||,,,,,
LOIAQU047FS0008J,03/01/2020,Bibliothèque - médiathèque,Bibliothèque Municipale,,,Rue Traversière,,47430,LE MAS-D'AGENAIS,47159,+33 5 53 89 50 37,,communedumasdagenais.47@wanadoo.fr,http://www.lemasdagenais.fr,0.21569252,44.4098265,Oui,"
",,,,,01/01/2020|31/12/2020|||||Jeudi - Mardi - Mercredi - Vendredi,"Tarif de base|10,00|10,00|Cotisation annuelle de 10 euros pour toute la famile",,Français,,
LOIAQU033FS000A7,03/01/2020,Bibliothèque - médiathèque,Bibliothèque Municipale,,Hôtel Lalanne,Place Jean Hameau,,33260,LA TESTE-DE-BUCH,33529,+33 5 56 54 65 63 # +33 5 57 52 41 70,,bibliotheque@latestedebuch.fr # bibjeunesse@latestedebuch.fr,, -1.1454856,44.6327875,Oui,"
",,,,,01/01/2020|31/12/2020|||||,,,,,Wifi
LOIAQU04001TC4XN,31/12/2018,Bibliothèque - médiathèque,Bibliothèque municipale,,Village scolaire de l'Isle Verte,Allée de Labouyrie,,40140,SOUSTONS,40310,+33 5 58 41 53 67,,,, -1.3337690,43.7562290,,"
",,,,,,,,,,
LOIAQU047FS000AU,03/01/2020,Bibliothèque - médiathèque,Bibliothèque municipale,Mairie de Fumel,,Place Georges Escande,,47500,FUMEL,47106,+33 5 53 49 59 73,,bibliotheque-municipale-fumel@orange.fr,http://fumel.opac3d.fr ,0.97073435,44.4975537,Oui,"
",,,,,01/01/2020|30/06/2020|09:00|12:00|14:00|17:30|Dimanche - Jeudi # 01/07/2020|31/08/2020|09:00|12:00|14:00|17:30|Dimanche - Jeudi - Samedi # 01/09/2020|31/12/2020|09:00|12:00|14:00|17:30|Dimanche - Jeudi,"Gratuit|0,00|0,00|Inscription",,,,
LOIAQU047V509Y3S,16/01/2020,Bibliothèque - médiathèque,Bibliothèque municipale de Bruch,,,Allées d'Albret,,47130,BRUCH,47041,+33 5 53 98 88 90 # +33 5 53 95 20 25,,bibliotheque.bruch@orange.fr,https://www.bruch.fr/ma-ville/bibliotheque,0.41071943,44.2046218,Oui,"
",,,,,01/01/2020|31/12/2020|||15:00|18:00|Dimanche - Mardi - Mercredi - Vendredi,Gratuit|||,,,Accessible en poussette,
LOIAQU047FS0009M,03/01/2020,Bibliothèque - médiathèque,Bibliothèque municipale de Duras,,,25 rue Paul Persil,,47120,DURAS,47086,+33 5 53 64 92 72,,bibliotheque.duras@wanadoo.fr,,0.1821653,44.6764554,Oui,"
",,,,,02/01/2020|31/12/2020|||||Dimanche - Jeudi - Mardi - Samedi,,,,,
LOIAQU047FS000A1,16/01/2020,Bibliothèque - médiathèque,Bibliothèque municipale de Mézin,,,Place Armand Fallières,,47170,MEZIN,47167,+33 5 53 65 07 57,,bm-mezin@wanadoo.fr,http://mezin-pom.c3rb.org/,0.25728718,44.0565629,Oui,"
",,,,,01/01/2020|31/12/2020|||||Lundi,"Tarif de base|11,00|11,00|Cotisation individuelle (adultes) # Gratuit|||Pour les enfants, étudiants et demandeurs d'emploi",Visite libre,,Accessible en poussette # Salle de projection # Salle(s) de réunion,
LOIAQU047FS000AT,16/01/2020,Bibliothèque - médiathèque,Bibliothèque municipale de Moncrabeau,,,Grande Rue,,47600,MONCRABEAU,47174,+33 5 53 97 19 03,,bibliotheque.moncrabeau@orange.fr,http://www.mairie-monrabeau.fr,0.3707728,44.0340463,Oui,"
",,,,,01/01/2020|31/12/2020|||||Dimanche - Jeudi - Lundi - Mardi après midi - Mercredi matin - Samedi matin - Vendredi après midi,Gratuit|||Cotisation annuelle,Visite libre,,,
LOIAQU040V50FT3J,03/01/2020,Bibliothèque - médiathèque,Bibliothèque municipale de Saint Lon les Mines,,,72 route de la Payolle,,40300,SAINT-LON-LES-MINES,40269,+33 5 58 57 80 53 # +33 5 58 57 80 40,+33 7 86 42 36 35,bibliothequestlonlesmines@orange.fr,, -1.149562,43.615825,Oui,"
",,,,,,,,,,
LOIAQU040FS000LM,03/01/2020,Bibliothèque - médiathèque,Bibliothèque municipale de Sorde l'Abbaye,Mairie,,,,40300,SORDE-L'ABBAYE,40306,+33 5 58 73 04 83,,,http://www.sordelabbaye.fr/, -1.0549220,43.5295560,,"
",,,,,,,,,,
LOIAQU040FS0007J,31/12/2018,Bibliothèque - médiathèque,Bibliothèque municipale d'Orthevielle,Mairie,,6 place Montgaillard,,40300,ORTHEVIELLE,40212,+33 5 58 73 05 90,,bibliotheque.orthevielle40@orange.fr,, -1.1477030,43.5524626,,"
",,,,,,,,,,
LOIAQU040V50I9BA,31/12/2018,Bibliothèque - médiathèque,Bibliothèque municipale Gabriel Fauthoux,,,?4 impasse des Jardins,,40230,SAINT-VINCENT-DE-TYROSSE,40284,+33 5 58 77 30 51,,bibliotheque.municipale.tyrosse@orange.fr,, -1.3046470,43.6596772,Oui,"
",,,,,,,,,,
LOIAQU047V50A2WB,03/01/2020,Bibliothèque - médiathèque,Bibliothèque municipale Jacques Lemarchand,,,Le bourg,,47160,VILLEFRANCHE-DU-QUEYRAN,47320,+33 5 53 79 48 13,,,,0.19603256,44.3080205,Oui,"
",,,,,01/01/2020|31/12/2020|||||,,,,,
LOIAQU040FS0001P,03/01/2020,Bibliothèque - médiathèque,Bibliothèque pour tous,,,55 rue des Ecoles,,40600,BISCARROSSE,40046,,,bpt.biscarrosse@free.fr,http://bpt.biscarrosse.free.fr, -1.2506470,44.4432476,,"
",,,,,01/01/2020|31/12/2020|||||,Gratuit|||pour les jeunes (sauf BD),,,,
LOIAQU033FS000A8,03/01/2020,Bibliothèque - médiathèque,Bibliothèque pour tous,,,6 rue du Chemin des Dames,,33260,LA TESTE-DE-BUCH,33529,+33 5 56 54 43 03,,,, -1.1490368,44.6333143,Oui,"
",,,,,01/01/2020|31/12/2020|||||,,,,,
LOIAQU040FS000NV,03/01/2020,Bibliothèque - médiathèque,Bibliothèque pour tous,,,62 rue Alsace Lorraine,,40300,PEYREHORADE,40224,,+33 7 78 25 56 63,biblipeyrehorade@gmail.com,, -1.1042496,43.5444733,,"
",,,,,,,,,,
LOIAQU04001QH85E,19/12/2017,Bibliothèque - médiathèque,Bibliothèque pour tous,,,Avenue de la Liberté,,40350,POUILLON,40233,,,,, -0.9996378,43.6039550,,"
",,,,,,,,,,
LOIAQU040FS000H3,03/01/2020,Bibliothèque - médiathèque,Bibliothèque pour tous,,,Rue du Vieux Four,,40480,VIEUX-BOUCAU,40328,,,,http://bpt.vieuxboucau.free.fr/, -1.3988792,43.7859359,Oui,"
",,,,,,,,,,
LOIAQU04001TC1TZ,31/12/2018,Bibliothèque - médiathèque,Bibliothèque pour tous,,Square Alcide Larrivière,,,40140,SOUSTONS,40310,+33 5 58 41 59 38,,,, -1.3266380,43.7556200,,"
",,,,,,,,,,
LOIAQU033FS000A9,03/01/2020,Bibliothèque - médiathèque,Bibliothèque pour tous au Pyla,,Centre Culturel,Avenue du Sémaphore,,33115,LA TESTE-DE-BUCH,33529,+33 6 08 31 65 18,,,, -1.2019515,44.6322607,Oui,"
",,,,,01/01/2020|31/12/2020|||||,,,,,
LOIAQU064FS000DM,08/01/2020,Bibliothèque - médiathèque,Bibliothèque Quintaou,,,12 rue Albert-le-Barillier,,64600,ANGLET,64024,+33 5 59 52 17 55,,bibliotheque@anglet.fr,https://www.anglet.fr/culture/bibliotheque, -1.5132214,43.4851617,Oui,"
",,,,,01/01/2020|31/12/2020|||||,"Gratuit|0,00||",,,,Wifi
LOIAQU047FS0008L,03/01/2020,Bibliothèque - médiathèque,Bibliothèque Saint Exupery,,Château la Placiére,,,47180,SAINTE-BAZEILLE,47233,+33 5 53 94 46 76,,bibliobazeille@wanadoo.fr,http://www.mairie-saintebazeille.fr,0.0939321,44.5304227,Oui,"
",,,,,01/01/2020|31/12/2020|||||,Gratuit|||Gratuit pour les mineurs et les demandeurs d'emplois,,,,
LOIAQU040FS0005W,16/01/2020,Bibliothèque - médiathèque,Bibliothèque société de Borda,,,27 rue Cazade,,40100,DAX,40088,+33 5 58 90 85 99,,soc.borda@wanadoo.fr,http://www.societe-borda.com, -1.0524098,43.7097344,Oui,"
",,,,,,,,,,
LOIAQU040FS0009C,03/01/2020,Bibliothèque - médiathèque,Bibliothèque sonore,,,165 rue Jules Ferry,,40600,BISCARROSSE,40046,+33 5 58 78 73 74,,bsbisca@live.fr,http://www.bsbisca.fr , -1.1663731,44.395181,Oui,"
",,,,,02/01/2020|31/12/2020|||||,,,,,
LOIAQU040FS00061,16/01/2020,Bibliothèque - médiathèque,Bibliothèque sonore ,,Centre Culturel,3 rue du Palais,,40100,DAX,40088,,,,http://www.advbs.fr, -1.0519531,43.7099647,Oui,"
",,,,,,,,,,
LOIAQU047FS000CP,16/01/2020,Bibliothèque - médiathèque,Bibliothèque-Médiathèque de Lavardac,,,53 avenue du Général de Gaulle,,47230,LAVARDAC,47143,+33 5 53 97 31 57,,bibliotheque@ville-lavardac.fr,http://lavardac.opac3d.fr,0.29572963,44.1774450,Oui,"
",,,,,01/01/2020|31/12/2020|||||,"Tarif de base|14,00|20,00|Adultes # Tarif réduit|9,00|12,00|14 à 18 ans # Gratuit|||Moins de 13 ans",,,,
LOIAQU040FS000M4,31/01/2020,Aire de pique-nique # Bibliothèque - médiathèque # Espace de réunions # Ferme de découverte # Jeux pour enfants # Salle de spectacle,Eco-lieu JEANOT,lieu-dit Peye,Rue de Mâa ,,,40370,RION-DES-LANDES,40243,+33 9 81 98 81 31,,contact@jeanot.fr,http://www.jeanot.fr, -0.9268560,43.9584798,Oui,"
",,,,,06/01/2020|18/12/2020|10:00|18:00|||,,Visite guidée uniquement sur rendez-vous # Visite libre,Anglais # Espagnol # Français,Accessible en poussette # Aire de pique-nique # Bar # Salle de projection # Salle(s) de réunion # Sentier de randonnée,
LOIAQU033FS000T4,03/01/2020,Bibliothèque - médiathèque,Espace culturel Maurice Druon,,,12 rue Saint jean,,33230,COUTRAS,33138,+33 5 57 69 43 80,,culture@mairie-coutras.fr,http://www.mairie-coutras33.fr, -0.1298408,45.041069,Oui,"
",,,,,,,Visite libre,,Salle de projection,
LOIAQU064FS000N9,03/01/2020,Bibliothèque - médiathèque # Salle de spectacle,Espace culturel Mendi Zolan,Quartier Sokoburu,,119 rue des Tamaris ,,64700,HENDAYE,64260,+33 5 59 48 30 49,,,http://www.hendaye-culture.fr, -1.7839398,43.3713262,Oui,"
",,,Handicap mental # Handicap moteur # Handicap visuel,,,Gratuit|||Accès libre aux salles d'exposition (2ème étage),,,,
LOIAQU033V50F16L,03/01/2020,Bibliothèque - médiathèque,La Centrale - Bibliothèque hybride ,,Hôtel de Caupos ,2 Allée Clemenceau ,,33260,LA TESTE-DE-BUCH,33529,+33 5 57 52 41 22,,lacentrale@latestedebuch.fr,http://www.latestedebuch.fr/culture-loisirs/les-bibliotheques/la-centrale-bibliotheque-hybride, -1.1482350,44.630895,Oui,"
",,,,,01/01/2020|31/12/2020|||||,,,,Auditorium # Salle de projection # Salle(s) de réunion,Wifi
LOIAQU064FS000MC,03/01/2020,Bibliothèque - médiathèque,La médiathèque,,,1 place du Maréchal Foch,BP 259,64500,SAINT-JEAN-DE-LUZ,64483,+33 5 59 26 28 99,,mediatheque@ville-saintjeandeluz.fr,http://www.mediatheque-saintjeandeluz.fr, -1.6628301,43.3874056,Oui,"
",,,Handicap auditif # Handicap mental # Handicap moteur # Handicap visuel,,01/01/2020|31/12/2020|||||,,,,,
LOIAQU040FS000P1,03/01/2020,Bibliothèque - médiathèque,La médiathèque du Marsan,,,Place du 6ème R.P.I.Ma,,40000,MONT-DE-MARSAN,40192,+33 5 58 46 09 43,,contact@lamediathequedumarsan.fr,http://lamediathequedumarsan.fr, -0.4926896,43.8964234,Oui,"
",,,,,,,Visite guidée uniquement sur rendez-vous # Visite libre,Français,Auditorium # Salle de projection,Wifi
LOIAQU064V58BIOI,03/01/2020,Bibliothèque - médiathèque # Galerie d'art # Salle de spectacle # Salle(s) de cinéma,Le Mi[X],,,2 avenue Charles Moureu,,64150,MOURENX,64410,+33 5 59 80 59 00,,contact@le-mix.fr,http://www.le-mix.fr, -0.6294135,43.3701713,Oui,"
",,,,,,,,,,
LOIAQU033FS000CF,03/01/2020,Bibliothèque - médiathèque,les Amis de la Bibliothéque de Gujan-Mestras,,,49 Rue Jules Barats,,33470,GUJAN-MESTRAS,33199,+33 5 57 52 41 56,,assoc.biblio.gujan.mestras@free.fr,http://bibliogujan.fr, -1.0640001,44.6408647,Oui,"
",,,,,01/01/2020|31/12/2020|||||,Tarif de base|||pour l'année et par famille # Tarif de base|||Tarif dégressif à partir de juillet # Tarif de base|||pour les estivans + chèque de caution 20€,,,,
LOIAQU040011COGB,03/01/2020,Bibliothèque - médiathèque,Les Bibliothèques,,Maison des associations,Avenue du parc des sports,,40510,SEIGNOSSE,40296,+33 6 88 55 30 08,,bibliotheque.seignosse@gmail.com,, -1.3753026,43.6920763,Oui,"
",,,,,,,,,,
LOIAQU040V50NPLZ,03/01/2020,Bibliothèque - médiathèque # Jeux pour enfants,Ludo-bibliothèque,,,211 chemin de Tambourin,,40440,ONDRES,40312,+33 5 59 45 23 59,,bibliotheque@ondres.fr,, -1.4449836,43.5612432,Oui,"
",,,,,01/01/2020|31/12/2020|||||,,,,,
LOIAQU040V506NQ3,28/01/2020,Bibliothèque - médiathèque # Jeux pour enfants,Ludo-médiathèque ,12 impasse du Temps libre,,,,40350,POUILLON,40233,+33 5 58 98 34 75,,atelierdesjeux@orthe-arrigans.fr,https://www.pays-orthe-arrigans.fr/culture-et-loisirs/ludotheques/latelier-des-jeux-et-jouets.html, -0.9975900,43.6051710,,"
",,,,,,,Visite libre,,,
LOIAQU040V50CJ2C,03/01/2020,Bibliothèque - médiathèque,Ludo-Médiathèque,168 chemin de Pebon,,,,40270,BORDERES-ET-LAMENSANS,40049,+33 5 58 45 10 61,,mediatheque.borderes@wanadoo.fr,http://mediatheque.borderesetlamensans.over-blog.com, -0.3635997,43.7743062,Oui,"
",,,,,,,,,Salle de projection # Salle(s) de réunion,Wifi
LOIAQU040V5009HX,16/01/2020,Bibliothèque - médiathèque,Ludothèque,,Pôle Enfance Famille Nelson Mandela,22 avenue Victor Hugo,,40100,DAX,40088,+33 5 58 90 46 60,,,, -1.0530730,43.7031550,Oui,"
",,,,,,,,,,Espace jeux
LOIAQU040V509XWI,03/01/2020,Bibliothèque - médiathèque,Ludothèque,Espace Emile Vignes,97 rue des arts,,,40260,CASTETS,40075,+33 5 58 89 47 56,,mediatheque@castets.fr,http://www.castets.fr, -1.1437523,43.8814038,Oui,"
",,,,,01/01/2020|31/12/2020|||||Dimanche - Lundi - Mardi - Samedi,Gratuit|||moins de 18 ans,,,,Wifi
LOIAQU033V50LPJZ,03/01/2020,Bibliothèque - médiathèque,Ludothèque des 4 coins,,Espace Culturel Alain Péronnau,4 avenue Plantagenêt,,33830,BELIN-BELIET,33042,+33 5 56 88 56 99,,ludotheque.belinbeliet@orange.fr,https://www.belin-beliet.fr/ludotheque/, -0.786061,44.501306,Oui,"
",,,,,,,,,,
LOIAQU024FS0002C,23/01/2020,Bibliothèque - médiathèque,Ludothèque Intercommunale,,,,Le Bourg,24170,SIORAC-EN-PERIGORD,24538,+33 5 53 28 18 51,,ludccvd@hotmail.fr ,,0.9891690,44.8218360,,"
",,,,,,,,,,Espace jeux
LOIAQU040FS000PG,03/01/2020,Bibliothèque - médiathèque # Jeux pour enfants,Ludothèque L'Amuse d'Orthe,Mairie,,,,40300,PEYREHORADE,40224,,+33 6 12 59 58 57,amusedorthe@orthe-arrigans.fr,, -1.0972080,43.5456270,,"
",,,,,,,,,,
LOIAQU033V50U1OF,03/01/2020,Bibliothèque - médiathèque # Espace de réunions,MAAT (Médiathèque Arcachon Associations Tourisme),,,Boulevard du Général Leclerc,,33120,ARCACHON,33009,,,,, -1.1674901,44.6597580,Oui,"
",,,,,01/01/2020|31/12/2020|||||,,,,Accessible en poussette # Auditorium # Salle de projection # Salle(s) de réunion,Boutique # Wifi
LOIAQU040V50I9CK,31/12/2018,Bibliothèque - médiathèque,Médiathèque,,,,,40230,SAUBRIGUES,40292,+33 5 58 77 90 38,,mediasaubri@gmail.com,, -1.3136232,43.6107010,Oui,"
",,,,,,,,,,
LOIAQU040V50I9DO,31/12/2018,Bibliothèque - médiathèque,Médiathèque,,,,,40230,TOSSE,40317,+33 5 58 42 56 14,,mediatheque.tosse@orange.fr,, -1.3322850,43.6899218,Oui,"
",,,,,,,,,,
LOIAQU040V50I9BT,31/12/2018,Bibliothèque - médiathèque,Médiathèque,,,100 Allée du Trinquet,,40390,SAINT-MARTIN-DE-HINX,40272,+33 5 59 56 93 01,,,, -1.2690304,43.5827185,Oui,"
",,,,,,,,,,
LOIAQU033FS000AR,03/01/2020,Bibliothèque - médiathèque,Médiathèque,,,17 esplanade Saint Sauveur,,33430,BAZAS,33036,+33 5 56 65 12 46,,mediatheque.bazas@orange.fr,http://www.ville-bazas.fr, -0.2146840,44.4315351,,"
",,,,,,Gratuit|||étudiants et moins de 18 ans. # Tarif de base|||adhésion annuelle,,,,
LOIAQU064FS000CD,08/01/2020,Bibliothèque - médiathèque,Médiathèque,,,2 rue Ambroise Paré,,64200,BIARRITZ,64122,+33 5 59 22 28 86,,mediatheque@biarritz.fr ,http://www.mediatheque-biarritz.fr , -1.5543723,43.4816515,Oui,"
",,,,,01/01/2020|31/12/2020|||||,"Tarif de base|0,00|35,00|",,Basque # Espagnol # Français,,
LOIAQU064FS000N8,03/01/2020,Bibliothèque - médiathèque,Médiathèque,,,4 rue du Jaizquibel,,64700,HENDAYE,64260,+33 5 59 48 00 77,,,http://mediatheque.hendaye.com/, -1.7738950,43.3593068,Oui,"
",,,,,,Tarif de base|||Abonnement Touriste (3 mois),,,,
LOIAQU033FS000V1,03/01/2020,Bibliothèque - médiathèque,Médiathèque,,,Esplanade du Broustic,,33510,ANDERNOS-LES-BAINS,33005,+33 5 56 03 93 93,,,https://andernos.bibenligne.fr/, -1.0995670,44.7434579,Non,"
",,,,,,Gratuit|||- de 18 ans,,,,
LOIAQU040V50I9BH,31/12/2018,Bibliothèque - médiathèque,Médiathèque,,,Mairie,,40230,SAINT-JEAN-DE-MARSACQ,40264,+33 5 58 77 69 12,,mediathequesaintjeanjosse@orange.fr,, -1.2578508,43.6246813,Oui,"
",,,,,,,,,,
LOIAQU040V5054YW,19/12/2017,Bibliothèque - médiathèque,Médiathèque,,Rue Fernand Duboscq,,,40550,LEON,40150,+33 5 58 48 70 61,,mediatheque-leon@orange.fr,, -1.3027293,43.8747916,Oui,"
",,,,,,,,,,Wifi
LOIAQU024FS0003D,02/01/2018,Bibliothèque - médiathèque,Médiathèque ,14 rue Saint-Jacques,,,,24540,MONPAZIER,24280,+33 5 53 22 69 99,,media.monpazier@hotmail.fr,,0.8941476,44.6793544,,"
",,,,,,,,,,
LOIAQU040V50CIXX,03/01/2020,Bibliothèque - médiathèque,Médiathèque,32 Rue des Capucins,,,,40270,GRENADE-SUR-L'ADOUR,40117,+33 5 58 03 75 36,,mediatheque@grenadesuradour.fr,https://grenadesuradour.fr, -0.4294200,43.7723559,Oui,"
",,,,,,Tarif de base|||Adulte résident Grenade-sur-l'Adour ou vacanciers. Prix par famille # Tarif de base|||Adulte hors Grenade-sur-l'Adour. Prix par famille # Gratuit|||0-18 ans,,,,Espace jeux # Wifi
LOIAQU040V50E02P,03/01/2020,Bibliothèque - médiathèque,Médiathèque,4 place de l'Eglise,,,,40180,TERCIS-LES-BAINS,40314,+33 5 58 57 59 60,,mediatheque.tercis@wanadoo.fr,, -1.1091229,43.6703881,Oui,"
",,,,,01/01/2020|31/12/2020|||||Dimanche - Jeudi matin - Lundi - Mardi matin - Mercredi matin - Samedi,,,,Bar # Restauration # Salle de projection,Espace jeux
LOIAQU040V50CM3G,03/01/2020,Bibliothèque - médiathèque,Médiathèque,76 rue du Docteur Dupouy,,,,40090,BASCONS,40025,+33 9 67 06 00 31 # +33 5 58 44 00 31,,mairie@bascons.fr,http://www.bascons.fr/Culture-loisirs-Mediatheque/MEDIATHEQUE, -0.4186060,43.8214292,Oui,"
",,,,,,,,,,
LOIAQU040V50E03D,03/01/2020,Bibliothèque - médiathèque,Médiathèque,Place de La Gelouze ,,,,40180,HEUGAS,40125,+33 5 58 57 89 59,,mediatheque.heugas@wanadoo.fr,, -1.1091229,43.6703881,Oui,"
",,,,,01/01/2020|31/12/2020|||||Dimanche - Jeudi - Lundi matin - Mardi - Mercredi matin - Samedi après midi - Vendredi matin,,,,,
LOIAQU040FS000GU,03/01/2020,Bibliothèque - médiathèque,Médiathèque,Route de la plage,,,,40560,VIELLE-SAINT-GIRONS,40326,+33 5 58 47 94 62,,mediatheque@viellesaintgirons.fr,, -1.3021481,43.9500765,Oui,"
",,,,,,,,,,
LOIAQU033FS00043,30/01/2020,Bibliothèque - médiathèque,Médiathèque - Bibliothèque de Lège,,,78 avenue de la Mairie,Lège,33950,LEGE-CAP-FERRET,33236,+33 5 56 60 06 34,,mediatheque@legecapferret.fr,http://www.mediatheque-legecapferret.fr, -1.1456124,44.791227,Oui,"
",,,,,,,,,,
LOIAQU064V5ADIVE,03/01/2020,Bibliothèque - médiathèque,Médiathèque - CEP Ospitalea,,,,,64780,IRISSARRY,64273,+33 5 59 37 97 37,,ospitalea@le64.fr,, -1.2326964,43.2571416,Oui,"
",,,,,01/01/2020|31/12/2020|||||,"Gratuit|0,00|0,00|moins de 18 ans",,,,
LOIAQU033FS0007W,03/01/2020,Bibliothèque - médiathèque,Médiathèque - Ludothèque,MAAT (Médiathèque Arcachon Associations Tourisme),2ème et 3ème étage,22 boulevard du Général Leclerc,,33120,ARCACHON,33009,+33 5 57 52 98 81,,,, -1.1671829,44.6597602,Oui,"
",,,,,01/01/2020|31/12/2020||||| # 01/07/2020|31/08/2020|10:00|||19:00|,,Visite libre,,Accessible en poussette,Wifi
LOIAQU040FS000HQ,24/01/2020,Bibliothèque - médiathèque,"Médiathèque ""Les Temps Modernes""",,,Allée du Fils,,40220,TARNOS,40312,+33 5 59 64 34 43,,lestempsmodernes@ville-tarnos.fr,http://lestempsmodernes.ville-tarnos.fr, -1.4602240,43.5403942,Oui,"
",,,,,01/01/2020|31/12/2020|||||,,,,,
LOIAQU064FS000NE,03/01/2020,Bibliothèque - médiathèque,Médiathèque André Labarrère,,,Place Marguerite Laborde,,64000,PAU,64445,+33 5 47 05 10 00,,mediatheques@agglo-pau.fr,https://mediatheques.agglo-pau.fr, -0.3678011,43.3002447,Oui,"
",,,Handicap auditif # Handicap mental # Handicap moteur # Handicap visuel,,02/01/2020|31/12/2020|||||,"Gratuit|0,00|0,00|Inscription gratuite sur présentation pièce d'identité + justificatif domicile",,,Auditorium,Wifi
LOIAQU033FS00042,30/01/2020,Bibliothèque - médiathèque,Médiathèque bibliothèque de Lège-Cap Ferret,,,1 bis avenue des Ecoles,Petit Piquey,33950,LEGE-CAP-FERRET,33236,+33 5 56 60 81 78,,mediatheque@legecapferret.fr,http://www.mediatheque-legecapferret.com, -1.2011543,44.725103,Oui,"
",,,,,,,,,,
LOIAQU064FS000FD,03/01/2020,Bibliothèque - médiathèque # Cybercafé / Espace numérique # Hotspot wifi,Médiathèque Centre Ville,,,10 rue des Gouverneurs,,64109,BAYONNE,64102,+33 5 59 59 17 13,,mediatheque@bayonne.fr,http://www.mediatheque.bayonne.fr, -1.4777703,43.4909467,,"
",,,,,,Gratuit|||Prêt et consultation gratuits,Visite libre,,,Wifi
LOIAQU040V500BLL,03/01/2020,Bibliothèque - médiathèque # Jeux pour enfants,Médiathèque d'Aire sur l'Adour,,,Passage des Cultures,,40800,AIRE-SUR-L'ADOUR,40001,+33 5 58 51 34 04,,mediatheque@cdcaire.org,http://mediatheque.cdcaire.org/, -0.2622939,43.700062,Oui,"
",,,,,01/01/2020|31/12/2020|||||Dimanche - Jeudi matin - Lundi - Vendredi matin,,,,,
LOIAQU064V5ACTV2,14/01/2020,Bibliothèque - médiathèque,Médiathèque d'Amikuze,Place de l'église,,,,64120,SAINT-PALAIS,64493,+33 5 59 65 28 72,,,, -1.032344,43.319194,Oui,"
",,,,,01/01/2020|31/12/2020|||||,"Tarif de base|12,00|16,00| # Tarif réduit|8,00|10,00| # Tarif réduit|3,00|3,00|Touristes",,,,
LOIAQU033FS000UG,03/01/2020,Bibliothèque - médiathèque,Médiathèque d'Audenge,,,15 boulevard Gambetta,,33980,AUDENGE,33019,+33 5 56 26 98 56,,mediatheque@mairie-audenge.fr,http://www.mairie-audenge.fr/la-ville/mediatheque, -1.0145916,44.6839580,,"
",,,,,,,,,,
LOIAQU040V50FT2J,31/12/2018,Bibliothèque - médiathèque,Médiathèque de Bélus,,,80 route d'Autarribe,,40300,BELUS,40034,+33 5 58 43 20 21,,mediabelus@orange.fr,, -1.1144394,43.5908722,Oui,"
",,,,,,,,,,
LOIAQU033V504O0C,03/01/2020,Bibliothèque - médiathèque,Médiathèque de Biganos,,,Rue Pierre de Coubertin,,33380,BIGANOS,33051,+33 5 56 03 93 34,,mediatheque@villedebiganos.fr,http://biganos.bibli.fr, -0.9741478,44.6391503,Oui,"
",,,,,,,,,,Wifi
LOIAQU024V503JPT,03/02/2020,Bibliothèque - médiathèque,Médiathèque de Bourdeilles,,,Place de la Mairie,,24310,BOURDEILLES,24055,+33 5 53 03 68 50,,mediathequebourdeilles@dronneetbelle.fr,http://mediathequesdronneetbelle.jimdo.com,0.58537246,45.3237621,Oui,"
",,,,,,,,,,
LOIAQU024V503JRO,03/02/2020,Bibliothèque - médiathèque,Médiathèque de Brantôme en Périgord,1er étage,Abbaye de Brantôme,Boulevard Charlemagne,,24310,BRANTOME EN PERIGORD,24064,+33 5 53 03 68 50,,mediathequebrantome@dronneetbelle.fr,http://mediathequesdronneetbelle.jimdo.com,0.64689442,45.3642055,Oui,"
",,,,,,,,,,
LOIAQU024FS0000N,03/02/2020,Bibliothèque - médiathèque,Médiathèque de Champagnac-de-Belair,,,Place du Général de Gaulle,,24530,CHAMPAGNAC-DE-BELAIR,24096,+33 5 53 03 68 50,,mediathequechampagnac@dronneetbelle.fr,http://mediathequesdronneetbelle.jimdo.com/,0.69851324,45.3928056,Oui,"
",,,,,,,,,,
LOIAQU064FS000EM,03/01/2020,Bibliothèque - médiathèque,Médiathèque de Gan,,,Rue du Bel Air,,64290,GAN,64230,,+33 7 77 09 05 78,mediatheques@agglo-pau.fr,https://mediatheques.agglo-pau.fr , -0.3900719,43.2324756,Oui,"
",,,,,02/01/2020|31/12/2020|||||,"Gratuit|0,00|0,00|Inscription gratuite sur présentation pièce d'identité + justificatif domicile",,,,
LOIAQU064FS000EA,10/01/2020,Bibliothèque - médiathèque,Médiathèque de Jurançon,,,Rue Louis Barthou,,64110,JURANCON,64284,+33 5 59 98 19 78,,mediatheques@agglo-pau.fr,https://mediatheques.agglo-pau.fr, -0.3916030,43.2859693,,"
",,,,,02/02/2020|31/12/2020|||||,"Gratuit|0,00|0,00|Inscription gratuite sur présentation pièce d'identité + justificatif domicile",,,,
LOIAQU064FS000ON,03/01/2020,Bibliothèque - médiathèque,Médiathèque de la montagne Henri Barrio,,La Cité des Pyrénées,Rue Berlioz,,64000,PAU,64445,+33 5 59 06 99 20 # +33 5 59 14 01 14,,mediatheques@agglo-pau.fr,, -0.3448441,43.3150310,Oui,"
",,,,,02/01/2020|31/12/2020|||||,"Gratuit|0,00|0,00|",,,Bar # Restauration,
LOIAQU033FS000LL,03/01/2020,Bibliothèque - médiathèque,Médiathèque de Lanton,,,15 avenue de la Libération,,33138,LANTON,33229,+33 5 56 03 86 10,,mediatheque@ville-lanton.fr,http://www.ville-lanton.fr , -1.0349777,44.7022158,Oui,"
",,,,,,,,,,Wifi
LOIAQU064V502XN0,03/01/2020,Bibliothèque - médiathèque,Médiathèque de Lescar,,,Rue Raoul Follereau ,,64230,LESCAR,64335,+33 5 59 72 25 21,,,https://www.mediatheques.agglo-pau.fr   , -0.4392577,43.3366134,Oui,"
",,,,,01/01/2020|31/12/2020|||||,"Gratuit|0,00|0,00|",,,,
LOIAQU064V502XNJ,10/01/2020,Bibliothèque - médiathèque,Médiathèque de Lons,,,Avenue de Santona,,64140,LONS,64348,+33 5 59 11 50 45,,,https://www.mediatheques.agglo-pau.fr, -0.3984209,43.3223450,Oui,"
",,,,,01/01/2020|31/12/2020|||||,"Gratuit|0,00|0,00|",,,,
LOIAQU024V503JSZ,31/12/2018,Bibliothèque - médiathèque,Médiathèque de Mareuil en Périgord,,,3 place des Promenades,,24340,MAREUIL EN PÉRIGORD,24253,+33 5 53 03 68 50,,mediathequemareuil@dronneetbelle.fr,http://mediathequesdronneetbelle.jimdo.com,0.45194250,45.4516206,Oui,"
",,,,,,,,,,
LOIAQU040V509SWY,03/01/2020,Bibliothèque - médiathèque,Médiathèque de Mézos,,,Avenue de la Gare,,40170,MEZOS,40182,+33 5 58 97 07 99,,mediathequemezos@orange.fr,, -1.1663348,44.0752528,Oui,"
",,,,,,Tarif de base|||pour les personnes de plus de 18 ans,,,Salle(s) de réunion,
LOIAQU047FS0002O,16/01/2020,Bibliothèque - médiathèque,Médiathèque de Nérac,Espace d'Albret,,Quai de la Baïse,BP51,47600,NERAC,47195,+33 5 53 97 40 55,,contact.mediatheque@ville-nerac.fr,http://mediatheque.nerac.fr,0.34211039,44.1349596,Oui,"
",,,,,01/01/2020|31/12/2020|||||Dimanche - Jeudi matin - Lundi - Mardi matin - Vendredi matin,"Gratuit|||Entrée libre et gratuite # Tarif de base|14,10|16,00|Abonnement annuel : adulte (+18ans) # Tarif réduit|7,00|8,00|Abonnement annuel : adulte (bénéficiaire RSA, étudiant) # Tarif de base|5,00|6,50|Abonnement annuel : adolescent (12-18 ans) # Gratuit|||Abonnement annuel : enfant (-12 ans) # Tarif de base||6,20|Abonnement annuel : classe # Tarif de base|7,00|8,00|Abonnement annuel : association, collectivité",Visite libre,Français,,Wifi
LOIAQU040FS000IW,03/01/2020,Bibliothèque - médiathèque,Médiathèque de Pey,,,Place de l'Eglise,,40300,PEY,40222,+33 5 58 57 77 33,,mediathequedepey@wanadoo.fr,, -1.2663208,43.5819152,,"
",,,,,,,,,,
LOIAQU040V5071C9,03/01/2020,Bibliothèque - médiathèque,Médiathèque des Arrigans,,,171 rue centrale,,40290,HABAS,40118,+33 5 58 49 24 60,,mediatheque.habas@orange.fr,, -0.929898,43.571405,Oui,"
",,,,,,,,,,
LOIAQU064FS000M8,03/01/2020,Bibliothèque - médiathèque,Médiathèque des Hauts de Ste Croix,,,Place des Gascons,,64100,BAYONNE,64102,+33 5 59 59 17 13,,mediatheque@bayonne.fr,, -1.4748410,43.4929490,,"
",,,,,,Gratuit|||Abonnement annuel 15 € ,,,,
LOIAQU064FS000E9,03/01/2020,Bibliothèque - médiathèque,Médiathèque d'Este,,,Rue de la Pléïade,,64140,BILLERE,64129,+33 5 59 13 06 30,,mediatheques@agglo-pau.fr,https://mediatheques.agglo-pau.fr, -0.3929330,43.3054912,,"
",,,,,02/01/2020|31/12/2020|||||,"Gratuit|0,00|0,00|Inscription gratuite sur présentation pièce d'identité + justificatif domicile",,,,Wifi
LOIAQU040V500BLN,03/01/2020,Bibliothèque - médiathèque # Jeux pour enfants,Médiathèque d'Eugénie les Bains,,,79 Route d'Aire,,40320,EUGENIE-LES-BAINS,40097,+33 5 58 46 52 37,,mediatheque@cdcaire.org,http://mediatheque.cdcaire.org/, -0.3777395,43.6950529,Oui,"
",,,,,01/01/2020|31/12/2020|||||Dimanche - Jeudi après midi - Lundi matin - Mardi - Samedi après midi - Vendredi matin,,,,,
LOIAQU047FS00065,03/01/2020,Bibliothèque - médiathèque,Médiathèque du Confluent,,,68 rue Gambetta,,47190,AIGUILLON,47004,+33 5 53 88 79 29,,,http://www.aiguillon.bibli.fr,0.3404448,44.3023846,,"
",,,,,01/01/2020|31/12/2020|||||Lundi,"Tarif de base|11,00|15,00|Adulte par an # Gratuit|||Enfant, étudiant, demandeur d'emploi",Visite libre,Français,,
LOIAQU047FS00042,03/01/2020,Bibliothèque - médiathèque,Médiathèque du Monflanquinois,,,16 rue Sainte Marie,,47150,MONFLANQUIN,47175,+33 5 53 36 54 31,,mediatheque-monflanquinois@wanadoo.fr,,0.76812028,44.5317587,Oui,"
",,,,,01/01/2020|31/12/2020|||||,Gratuit|||,,,,Wifi
LOIAQU033FS0005N,03/01/2020,Bibliothèque - médiathèque,Médiathèque et espace public et numérique de Pauillac,,,13 rue Aristide Briand,,33250,PAUILLAC,33314,+33 5 56 59 02 20,,bibliotheque.pauillac@wanadoo.fr,, -0.7462120,45.1995850,,"
",,,,,,,Visite libre,,Auditorium # Salle de projection,Wifi
LOIAQU047FS0008W,03/01/2020,Bibliothèque - médiathèque,Médiathèque Fernand Pouillon,,,Place Algosheim,,47290,CANCON,47048,+33 5 53 70 41 12,,,http://ccbhap.c3rb.org,0.62454251,44.5355206,Oui,"
",,,,,01/01/2020|31/12/2020|||||,Gratuit|||,,,Salle de projection,Wifi
LOIAQU040FS000IH,02/01/2018,Bibliothèque - médiathèque,Médiathèque François Mitterrand,2 place Léo Bouyssou,,,,40110,MORCENX-LA-NOUVELLE,40197,+33 5 58 04 16 39,,,http://mediatheque.paysmorcenais.fr/, -0.9118187,44.0331710,,"
",,,,,,,,,,
LOIAQU064V5ACU1S,03/01/2020,Bibliothèque - médiathèque,Médiathèque Garazi Baigorri,,,Place de la gare,,64220,SAINT-JEAN-PIED-DE-PORT,64485,+33 5 59 37 34 76,,mediatheque.garazibaigorri@communaute-paysbasque.fr,http://www.mediateka.fr/fr, -1.2385691,43.1679015,Non,"
",,,,,,,,,,
LOIAQU033V50CUOS,03/01/2020,Bibliothèque - médiathèque,Médiathèque intercommunale du Pays Foyen,,,10 place du 8 Mai 1945,,33790,PELLEGRUE,33316,+33 5 56 61 89 51,,mediatheque-pellegrue@paysfoyen.fr,,0.07536560,44.7436625,Oui,"
",,,,,,,Visite libre,,,Wifi
LOIAQU064FS000EP,03/01/2020,Bibliothèque - médiathèque,Médiathèque Jean-Louis-Curtis,,,30 place du Foirail,,64300,ORTHEZ,64430,+33 5 59 69 36 68,,contact@mediatheque-orthez.fr,http://www.mediatheque-orthez.fr, -0.7696813,43.4896265,Oui,"
",,,,,02/01/2020|31/12/2020|||||Dimanche - Jeudi matin - Lundi - Mardi matin - Vendredi matin,"Gratuit|0,00||",Visite libre,,,Wifi
LOIAQU033FS000AN,15/01/2020,Bibliothèque - médiathèque,Médiathèque Johel Coutura,,,27 Cours de la république,,33390,BLAYE,33058,+33 5 57 42 23 58,,biblio@blaye.fr,, -0.6613167,45.1298696,Oui,"
",,,,,01/01/2020|31/12/2020||||| # ||||||Dimanche - Jeudi matin - Lundi - Mardi matin - Vendredi matin,,Visite libre,,,
LOIAQU033FS0002U,03/01/2020,Bibliothèque - médiathèque,Médiathèque Lacanau-Océan,,,Salle l'Escoure ,,33680,LACANAU,33214,+33 5 56 03 17 26,,mediatheque@mairie-lacanau.fr,http://www.mediathequelacanau.fr/, -1.1958307,45.0014511,Oui,"
",,,,,,,,,,
LOIAQU033FS0013C,03/01/2020,Bibliothèque - médiathèque,Médiathèque Lacanau-Ville,,,8 avenue de la Libération,,33680,LACANAU,33214,+33 5 57 17 08 10,,mediatheque@mairie-lacanau.fr,http://www.mediathequelacanau.fr, -1.0777866,44.9781566,Oui,"
",,,,,,,,,,
LOIAQU033V507XQM,03/01/2020,Bibliothèque - médiathèque,Médiathèque L'Ekla,,,67 rue des Pins,,33470,LE TEICH,33527,+33 5 57 15 82 18,,bibliotheque@leteich.fr,http://mediatheques.agglo-cobas.fr/leteich, -1.0274488,44.6230750,Oui,"
",,,,,,"Tarif de base|||pour les habitants de la Cobas  (1er adulte famille) # Tarif réduit|||habitants de la COBAS  # Gratuit|||moins de 18 ans, demandeurs d'emploi, bénéficiaires du rsa # Tarif réduit|||pour les vacanciers avec une caution de 50€",,,Accessible en poussette,Wifi
LOIAQU064V507LJT,03/01/2020,Bibliothèque - médiathèque,Médiathèque Les Allées,,,2 avenue des Tilleuls,,64000,PAU,64445,+33 5 47 05 30 46,,mediatheques@agglo-pau.fr,https://mediatheques.agglo-pau.fr/, -0.3511269,43.3043609,,"
",,,Handicap auditif # Handicap mental # Handicap moteur # Handicap visuel,,02/01/2020|31/12/2020|||||Dimanche - Jeudi matin - Lundi - Mardi matin - Mercredi matin - Vendredi matin,"Gratuit|0,00|0,00|",,,,
LOIAQU033FS0003B,03/01/2020,Bibliothèque - médiathèque,Médiathèque Maurice Druon,,,15 rue Saint Jean,,33230,COUTRAS,33138,+33 5 57 49 01 49,,mediatheque@mairie-coutras.fr,, -0.1292442,45.0414452,,"
",,,,,,,Visite libre,,,
LOIAQU04001YTAQ2,31/12/2018,Bibliothèque - médiathèque,Médiathèque Maximilien Kogoj,,,40 Rue de la Solidarité,,40660,MOLIETS-ET-MAA,40187,+33 5 58 48 54 19,,mediatheque-de-moliets@wanadoo.fr,, -1.3593273,43.8508425,Oui,"
",,,,,,,,,,
LOIAQU033FS000CD,03/01/2020,Bibliothèque - médiathèque,Médiathèque Michel Bézian,,,Allée Mozart,,33470,GUJAN-MESTRAS,33199,+33 5 57 52 54 60,,biblio@ville-gujanmestras.fr,https://mediatheques.agglo-cobas.fr/, -1.0740637,44.6182336,Oui,"
",,,,,01/01/2020|31/12/2020|||||,,,,,
LOIAQU064V5AD36J,31/01/2020,Bibliothèque - médiathèque,Médiathèque municipale,,,14 Rue des Frères Barenne,,64130,MAULEON-LICHARRE,64371,+33 5 59 28 78 88,,bibli@mauleon-soule.fr,http://mauleon-soule.sezhame.fr, -0.8898806,43.2224186,Non,"
",,,,,01/01/2020|31/12/2020|||||Dimanche - Jeudi matin - Lundi - Mardi matin - Vendredi matin,"Tarif de base|5,00||Livres + magazines # Tarif de base|8,00||Livres + magazines + CD # Tarif réduit|2,00||Livres + magazines (jusqu'à 17 ans et bénéficiaires des minima sociaux) # Tarif de base|5,00||Livres + magazines + CD (jusqu'à 17 ans et bénéficiaires des minima sociaux) # Gratuit|0,00||Collectivités # Tarif réduit|2,00|5,00|Abonnés temporaires et vacancier : tarif réduit + chèque de caution",,,Accessible en poussette,Wifi
LOIAQU033FS000A5,03/01/2020,Bibliothèque - médiathèque,Médiathèque municipale,,,8 rue Jean-Louis Faure,,33220,SAINTE-FOY-LA-GRANDE,33402,+33 5 57 46 29 70,,mediatheque@saintefoylagrande.net,http://stefoy.bibenligne.fr,0.2138997,44.8418621,,"
",,,,,,,,,,Wifi
LOIAQU047FS0008K,03/01/2020,Bibliothèque - médiathèque,Médiathèque municipale,,,9 allée du Docteur Gabourin,,47180,MEILHAN-SUR-GARONNE,47165,+33 5 53 89 00 28,,biblio.meilhan.47@orange.fr,http://www.meilhansurgaronne.fr,0.03399439,44.521466,Oui,"
",,,,,01/01/2020|31/12/2020|||14:00|18:00|Dimanche - Lundi,,Visite guidée # Visite libre,,Accessible en poussette,Wifi
LOIAQU040FS00089,31/12/2018,Bibliothèque - médiathèque,Médiathèque Municipale,,,Place de la Mairie,,40480,VIEUX-BOUCAU,40328,+33 5 58 48 62 14,,mediatheque@vieuxboucau.fr,, -1.4005024,43.7860379,,"
",,,,,,,,,,
LOIAQU04001TXHJ8,03/01/2020,Bibliothèque - médiathèque,Médiathèque municipale,,,Place Félix Poussade,,40200,MIMIZAN,40184,+33 5 58 09 42 97,,mediatheque@mimizan.com,http://catalogue.mimizan.com, -1.2245571,44.1985205,Oui,"
",,,,,,Tarif de base|||pour les personnes - 1 8ans # Gratuit|||pour les - de 18 ans,Visite libre,,,Wifi
LOIAQU064V503ANP,03/01/2020,Bibliothèque - médiathèque,Médiathèque Municipale,,,Rue du Général de Gaulle,,64440,LARUNS,64320,+33 5 59 40 57 66,,mediatheque.laruns@orange.fr,https://www.mediathequelaruns.com, -0.4282310,42.9875160,Oui,"
",,,Handicap auditif # Handicap mental # Handicap moteur # Handicap visuel,,01/01/2020|31/12/2020|||||,"Gratuit|0,00|0,00|",,,,
LOIAQU04001KFZTS,03/01/2020,Bibliothèque - médiathèque,Médiathèque Municipale,Espace Emile Vignes,97 rue des arts,,,40260,CASTETS,40075,+33 5 58 89 47 56,,mediatheque@castets.fr,http://www.castets.fr, -1.1437523,43.8814038,Oui,"
",,,,,01/01/2020|31/12/2020|10:00|12:00|15:00|18:00|Dimanche - Lundi,Gratuit|||moins de 18 ans,,,,Wifi
LOIAQU04001PAEO5,06/03/2018,Bibliothèque - médiathèque,"Médiathèque municipale ""L'écume des jours""",,,Place Yan du Gouf,,40130,CAPBRETON,40065,+33 5 58 72 21 61,,mediatheque@capbreton.fr,, -1.4318382,43.6418907,Oui,"
",,,,,,,,,,
LOIAQU047FS0008G,03/01/2020,Bibliothèque - médiathèque,Médiathèque Municipale Albert Camus,,,23 rue de la République,,47200,MARMANDE,47157,+33 5 53 20 94 95,,mediatheque@mairie-marmande.fr,http://www.mediatheque-marmande.fr,0.1660939,44.4974974,Oui,"
",,,,,01/01/2020|31/12/2020|||||Dimanche,"Gratuit|||enfants de moins de 18 ans et étudiants # Tarif de base|16,00|24,00|Abonnement adulte # Tarif réduit|8,00|8,00|Rmistes, chômeurs",,Français,,Wifi
LOIAQU033FS000CV,03/01/2020,Bibliothèque - médiathèque,Médiathèque Municipale Condorcet,,,Place des Recollets,,33500,LIBOURNE,33243,,,,, -0.2439850,44.9129980,,"
",,,,,,,,,,
LOIAQU040FS0001N,03/01/2020,Bibliothèque - médiathèque,Médiathèque Municipale de Biscarrosse,,,165 rue Jules Ferry,,40600,BISCARROSSE,40046,+33 5 58 78 74 17,,mediatheque@ville-biscarrosse.fr ,http://mediatheque.biscarrosse.fr, -1.1648302,44.3947773,,"
",,,,,07/01/2020|19/12/2020|||||,,,,,
LOIAQU04001QBGXG,31/12/2018,Bibliothèque - médiathèque,Médiathèque municipale de Labatut,,,605 route de l'Eglise,,40300,LABATUT,40132,+33 5 58 98 12 89,,bibli.labatut@wanadoo.fr,https://www.facebook.com/mediathequelabatut40/, -0.9839857,43.5468843,,"
",,,,,,,,,,Wifi
LOIAQU040V50K1BB,03/01/2020,Bibliothèque - médiathèque,Médiathèque Municipale de Sainte-Eulalie-en-Born,,,163 rue des Bruyères,,40200,SAINTE-EULALIE-EN-BORN,40287,+33 5 58 09 73 48,,mediathequesainteul@gmail.com,, -1.181672,44.274349,Oui,"
",,,,,,,,,,
LOIAQU033V50KZGM,03/01/2020,Bibliothèque - médiathèque,Médiathèque municipale de Salles,,,21 allée Félix Arnaudin,,33770,SALLES,33498,+33 5 56 88 72 35,,,https://www.mediatheque-salles.fr/, -0.864648,44.550864,Oui,"
",,,,,,,,,,
LOIAQU040016452L,03/01/2020,Bibliothèque - médiathèque,Médiathèque Municipale de Sanguinet,,,263 avenue du Born,,40460,SANGUINET,40287,+33 5 58 78 64 97,,mediathequesanguinet@orange.fr,, -1.0732925,44.4810225,,"
",,,,,,,,,,
LOIAQU033FS000BE,03/01/2020,Bibliothèque - médiathèque,Médiathèque municipale de St André de Cubzac,,,25 bis rue Dantagnan,,33240,SAINT-ANDRE-DE-CUBZAC,33366,+33 5 57 43 67 39,,mediatheque@saintandredecubzac.fr,http://saint-andre-de-cubzac-pom.c3rb.org/, -0.4450803,44.9943272,Oui,"
",,,,,01/01/2020|31/12/2020|09:30|12:30|14:00|17:00|Dimanche - Jeudi après midi - Lundi - Mardi matin - Vendredi matin,,Visite libre,,Accessible en poussette,Wifi
LOIAQU040V50FT2X,31/12/2018,Bibliothèque - médiathèque,Médiathèque municipale d'Orist,,,40 allée du Fronton,,40300,ORIST,40211,+33 5 58 35 80 06,,bibliorist@laposte.net,, -1.1755722,43.6409332,Oui,"
",,,,,,,,,,
LOIAQU040V50K1AY,03/01/2020,Bibliothèque - médiathèque,Médiathèque Municipale d'Ychoux,,,Allée des Platanes,,40160,YCHOUX,40287,+33 5 58 09 51 44,,mediaychoux@wanadoo.fr,http://www.mairie-ychoux.com/Vie-culturelle/Presentation-de-la-mediatheque, -0.948242,44.328418,Oui,"
",,,,,,Tarif de base|||Résidents - tarif individuel # Tarif de base|||Résidents - tarif famille # Tarif de base|||Extérieurs et vacanciers - tarif individuel # Tarif de base|||Extérieurs et vacanciers - tarif famille # Gratuit|||moins de 18 ans,,,,Wifi
LOIAQU033V50KZFC,03/01/2020,Bibliothèque - médiathèque,Médiathèque municipale Le Chalet,,,32 avenue des Pyrénées,,33114,LE BARP,33029,+33 5 56 88 63 90,,mediatheque@ville-le-barp.fr,http://mediatheque.ville-le-barp.fr/, -0.769915,44.605861,Oui,"
",,,,,,,,,,
LOIAQU040FS000FW,03/01/2020,Bibliothèque - médiathèque,Médiathèque ouverte à tous,,,Avenue de l'Océan,,40660,MESSANGES,40181,+33 9 61 37 65 52,,mediatheque.messanges@orange.fr,, -1.3795995,43.8160118,Oui,"
",,,,,,,,,,Wifi
LOIAQU064V5ACX8R,24/01/2020,Bibliothèque - médiathèque,Médiathèque Saint-Pée-sur-Nivelle,Maison pour tous,Le Bourg,,,64310,SAINT-PEE-SUR-NIVELLE,64495,+33 5 59 54 50 05,,mediatheque@senpere64.fr,https://saintpeesurnivelle.fr/mediatheque/, -1.6921292,43.3474643,Oui,"
",,,,,,,,,,
LOIAQU040FS0002P,03/01/2020,Bibliothèque - médiathèque # Cybercafé / Espace numérique # Jeux pour enfants,Médiathèque Saint-Sever Chalosse Tursan,,,15 avenue de l’Océan,,40500,SAINT-SEVER,40282,+33 5 58 76 35 23,,mediatheque@chalossetursan.fr,http://www.chalossetursan.fr/, -0.5749690,43.7715585,Oui,"
",,,,,,,,Français,Salle(s) de réunion,Espace jeux
LOIAQU064FS000EE,03/01/2020,Bibliothèque - médiathèque,Médiathèque Trait d'Union,,,Rue du Parc en Ciel,,64000,PAU,64445,+33 5 59 84 74 18,,mediatheques@agglo-pau.fr,https://mediatheques.agglo-pau.fr, -0.3441253,43.3211877,Oui,"
",,,Handicap auditif # Handicap mental # Handicap moteur # Handicap visuel,,02/01/2020|31/12/2020|||||Dimanche - Jeudi matin - Lundi - Mardi matin - Vendredi matin,"Gratuit|0,00|-2,00|Inscription gratuite sur présentation pièce d'identité + justificatif domicile",,,,
LOIAQU064FS000EQ,03/01/2020,Bibliothèque - médiathèque,Per Noste,,Espace Roger Lapassade,34 ter place du Foirail,,64300,ORTHEZ,64430,+33 5 59 67 07 11,,pernoste@wanadoo.fr,http://www.pernoste.com, -0.7652878,43.4855905,Oui,"
",,,,,,,,,,
LOIAQU033V5065T0,03/01/2020,Bibliothèque - médiathèque,Point lecture,,,2 rue du 8 mai 1945,,33340,CIVRAC-EN-MEDOC,33128,+33 5 56 41 80 66,,,, -0.8973940,45.3378690,,"
",,,,,,,,,,
LOIAQU033V503P9G,03/01/2020,Bibliothèque - médiathèque,Point lecture,,,3 rue du 8 mai,,33340,BEGADAN,33038,+33 5 56 41 50 15,,,, -0.8926712,45.3574039,,"
",,,,,,,,,,
LOIAQU033V5065U0,03/01/2020,Bibliothèque - médiathèque,Point lecture,,,3 rue du 8 mai,,33340,SAINT-YZANS-DE-MEDOC,33493,+33 5 56 09 05 06,,,, -0.8207050,45.3221300,,"
",,,,,,,,,,
LOIAQU033V5065TY,03/01/2020,Bibliothèque - médiathèque,Point lecture,,,31 rue du Bourg,,33340,GAILLAN-EN-MEDOC,33177,+33 5 56 41 06 58,,,, -0.9571880,45.3227959,,"
",,,,,,,,,,
LOIAQU064FS000DK,03/01/2020,Bibliothèque - médiathèque # Salle à louer # Salle de spectacle,Théatre Michel-Portal (de Bayonne),Hotel de Ville,,Place de la Liberté,,64100,BAYONNE,64102,+33 5 59 59 07 27,,billetterie@scenenationale.fr,http://www.scenenationale.fr, -1.4746904,43.4927799,,"
",,,,,02/01/2020|31/12/2020|||||Dimanche - Lundi # ||||||Dimanche - Lundi,,,,Bar,
LOIAQU064FS000AN,30/01/2020,Bibliothèque - médiathèque,Toki-Toki,,,1 rue des écoles,,64210,BIDART,64125,+33 5 59 54 75 26,,bibliotheque@bidart.fr,, -1.5894906,43.4374285,Non,"
",,,,,22/02/2020|31/12/2020|||||,"Gratuit|0,00|0,00|Inscription",,,,Wifi
