RC-NO;RC-RETENU-;RC-NOM;MEDIA;X-WGS84;Y-WGS84;X-L93;Y-L93;MO-NOM;MO-ADRESSE;MO-CP;MO-COMMUNE;MO-TEL;MO-MAIL;GEST-NOM;GEST-ADRES;GEST-CP;GEST-COMMU;GEST-TEL;GEST-MAIL;RC-TYPE;RC-COMMUNE;RC-CO-INSE;RC-CO-DPT;RC-CO-CP;RC-CO-GN;RC-P-TOT-K;RC-P-ENRandR;Classes-ENRandR;RC-BIOMASS;RC-GEOTHER;RC-UVE;RC-CHALEUR;RC-GAZ;RC-FIOUL;RC-AUTRES-;RC-ENERGIE;RC-CO2-KG/;RC-COGENER;RC-INFOS-D;RC-CO-POP-;RC-LONGUEU;RC-VENTE-C;RC-PROD-MW;Classes-production;RC-TAUX-EN;balise_tai;balise_enr;balise_ext
183;1;GIDY (45) | Laboratoires Servier;fiches_individuelles/fiche_rc_183.pdf;1.8531897;47.9780868;614439;6764810;LABORATOIRES SERVIER INDUSTRIE;;45520;GIDY (45);;;;;;;;;RT;GIDY;45154;45;45520;1;NC;NC;NC(Non connu);NC;NC;NC;NC;Oui;NC;NC;Gaz;NC;NC;;1482;NC;Non;*1000;0,5 à 2 Gwh / an;NC;2;0;1
186;1;INGRE (45) | Collège Montabuzard;fiches_individuelles/fiche_rc_186.pdf;1.8348842;47.9205295;612979;6758435;CONSEIL DEPARTEMENTAL 45;15 RUE EUGENE VIGNAT;45000;ORLEANS (45);238254545;;;;;;;;RT;INGRE;45169;45;45140;1;540;Non;Absence d'ENR&R;Non;Non;Non;Non;Oui;Non;Non;Gaz;0.234;Non;;7450;NC;Non;*400;0,5 à 2 Gwh / an;0;1;1;3
185;1;GIEN (45) | Hôpital Dezarnaulds;fiches_individuelles/fiche_rc_185.pdf;2.6349531;47.6903661;672616;6732283;CENTRE HOSPITALIER P. DEZARNAULDS (GIEN);2 ANEUNE JEAN VILLEJEAN - BP 89;45503;GIEN (45);238293800;sdir@ch-gien.com e-mail;;;;;;;RT;GIEN;45155;45;45500;1;*1500;Non;Absence d'ENR&R;Non;Non;Non;Non;Oui;Non;Non;Gaz;0.234;Non;;15332;NC;Non;NC;NC;0;0;1;0
188;1;LAILLY-EN-VAL (45) | Réseau communal;fiches_individuelles/fiche_rc_188.pdf;1.6868985;47.7683872;601646;6741706;COMMUNE DE LAILLY-EN-VAL (45);2 RUE DES ECOLES;45740;LAILLY-EN-VAL (45);238469235;accueil@laillyenval.fr;;;;;;;RT;LAILLY-EN-VAL;45179;45;45740;1;460;200;ENR&R < 70%;Oui;Non;Non;Non;Oui;Non;Non;Biomasse Gaz;NC;Non;;2251;277;Non;340;0 à 0,5 Gwh / an;90;1;3;3
187;1;INGRE (45) | Lycée Maurice Genevoix;fiches_individuelles/fiche_rc_187.pdf;1.8300293;47.9202742;612616;6758412;REGION NOUVELLE CENTRE VAL DE LOIRE;9 RUE SAINT PIERRE LENTIN;45041;ORLEANS (45);238703030;danielle.lebon@regioncentre.fr;;;;;;;RT;INGRE;45169;45;45140;1;1630;Non;Absence d'ENR&R;Non;Non;Non;Non;Oui;Non;Aérothermie;Gaz;NC;Non;;7450;NC;Non;1100;0,5 à 2 Gwh / an;0;2;1;3
190;1;LORRIS (45) | Collège Guillaume de Lorris;fiches_individuelles/fiche_rc_190.pdf;2.5169392;47.8812152;663893;6753535;CONSEIL DEPARTEMENTAL 45;15 RUE EUGENE VIGNAT;45000;ORLEANS (45);238254545;;;;;;;;RT;LORRIS;45187;45;45260;1;*200;Non;Absence d'ENR&R;Non;Non;Non;Non;Oui;Non;Non;Gaz;0.234;Non;;2674;NC;Non;*200;0 à 0,5 Gwh / an;0;1;1;1
189;1;LE MALESHERBOIS (45) | Collège Gutenberg;fiches_individuelles/fiche_rc_189.pdf;2.4106902;48.2954858;656295;6799625;CONSEIL DEPARTEMENTAL 45;15 RUE EUGENE VIGNAT;45000;ORLEANS (45);238254545;;;;;;;;RT;LE MALESHERBOIS;45191;45;45330;1;*200;Non;Absence d'ENR&R;Non;Non;Non;Non;Oui;Non;Non;Gaz;0.234;Non;;5989;NC;Non;200;0 à 0,5 Gwh / an;0;1;1;3
192;1;MONTARGIS (45) | Collège du Chinchon;fiches_individuelles/fiche_rc_192.pdf;2.7318947;47.9950807;680003;6766111;CONSEIL DEPARTEMENTAL 45;15 RUE EUGENE VIGNAT;45000;ORLEANS (45);238254545;;;;;;;;RT;MONTARGIS;45208;45;45200;1;624;Non;Absence d'ENR&R;Non;Non;Non;Non;Oui;Non;Non;Gaz;0.234;Non;;15030;NC;Non;500;0 à 0,5 Gwh / an;0;2;1;3
191;;MENESTREAU-EN-VILLETTE (45) | Château du Domaine du Ciran;fiches_individuelles/fiche_inexistante.pdf;2.016666996;47.69999999;626600;6733600;;;;;;;;;;;;;NC;MENESTREAU-EN-VILLETTE;45200;45;45240;1;NC;NC;NC(Non connu);Oui;NC;NC;NC;NC;NC;NC;Biomasse;NC;NC;Localisation éloignée de la mairie;1384;NC;Néant;*200;0 à 0,5 Gwh / an;100;1;3;2
130;1;TOURS (37) | Quartier Châteaubriand;fiches_individuelles/fiche_rc_130.pdf;0.6871071;47.4234379;525654;6705119;TOURS HABITAT (OFFICE PUBLIC DE L'HABITAT);1 RUE MAURICE BEDEL;37000;TOURS (37);;;DALKIA (GROUPE EDF);37 AVENUE DU MARECHAL DE LATTRE DE TASSIGNY;59350;SAINT-ANDRE-LEZ-LILLE (59);320634242;guillaume.coupeau@dalkia.fr;RC ou RT;TOURS;37261;37;37000;;28000;250;ENR&R < 70%;Non;Non;Non;Non;Oui;Oui;NC;Gaz Fioul;0.185;Oui;2 402 équivalents logements (source : Via Sèva);132820;2269;NC;28308;+ 2 Gwh / an;0;3;1;3
129;;TOURS (37) | NCT+;fiches_individuelles/fiche_inexistante.pdf;0.6672465;47.4336952;524191;6706302;;;;;;;;;;;;;NC;TOURS;37261;37;37000;1;NC;NC;NC(Non connu);NC;NC;NC;NC;NC;NC;ENR non-précisée;;NC;NC;Localisation éloignée de la mairie;132820;NC;Néant;NC;NC;>0;0;2;2
132;1;TOURS (37) | ZUP des Bords du Cher et Sanitas;fiches_individuelles/fiche_rc_132.pdf;0.7086754;47.3724416;527115;6699409;CU TOUR(S) PLUS;60 AVENUE MARCEL DASSAULT BP 651;37000;TOURS (37);;tours-plus@agglo-toursplus.fr;SCBC (SOCIETE DE CHAUFFAGE DES BORDS DU CHER);1 PROMENADE DE FLORENCE;37000;TOURS (37);247202168;;SPDC;TOURS;37261;37;37000;;94839;31875;ENR&R >= 70%;Oui;Non;Non;Non;Oui;NC;NC;Biomasse Gaz;0.087;Oui;;132820;19804;Oui;124386;+ 2 Gwh / an;63;3;2;3
131;1;TOURS (37) | Résidence Fontaine Pottier;fiches_individuelles/fiche_rc_131.pdf;0.6912912;47.4150286;525942;6704176;TOURS HABITAT (OFFICE PUBLIC DE L'HABITAT);1 RUE MAURICE BEDEL;37000;TOURS (37);;;;;;;;;NC;TOURS;37261;37;37000;;*250;250;ENR&R < 70%;Oui;Non;Non;Non;NC;NC;NC;Biomasse;NC;Non;;132820;NC;NC;*420;0 à 0,5 Gwh / an;>0;1;2;3
134;1;VOUVRAY (37) | Collège Gaston Huet;fiches_individuelles/fiche_rc_134.pdf;0.8008113;47.4105861;534183;6703447;CONSEIL DEPARTEMENTAL 37;18 PLACE DE LA PREFECTURE;37000;TOURS (37);247314731;;;;;;;;RT;VOUVRAY;37281;37;37210;;1250;Non;Absence d'ENR&R;Non;Non;Non;Non;Oui;Non;Non;Gaz;0.234;Non;;3046;NC;Non;700;0,5 à 2 Gwh / an;0;2;1;2
133;;VERNEUIL-SUR-INDRE (37) | Réseau communal;fiches_individuelles/fiche_inexistante.pdf;1.033332993;47.05;551400;6663600;;;;;;;;;;;;;NC;VERNEUIL-SUR-INDRE;37269;37;37600;1;NC;NC;NC(Non connu);Oui;NC;NC;NC;NC;NC;NC;Biomasse;NC;NC;;479;NC;Néant;NC;NC;>70;0;3;2
136;1;BLOIS (41) | IUFM de Blois;fiches_individuelles/fiche_rc_136.pdf;1.3400892;47.5925271;575262;6722661;IUFM DE BLOIS;9 AVENUE PAUL RENEAULME;41000;BLOIS (41);254567878;;;;;;;;RT;BLOIS;41018;41;41000;1;600;Non;Absence d'ENR&R;Non;Non;Non;Non;Oui;Non;Non;Gaz;0.234;Non;;49171;NC;Non;*500;+ 2 Gwh / an;0;2;1;3
135;;BILLY (41) | Réseau communal;fiches_individuelles/fiche_inexistante.pdf;1.5401375;47.3109477;589715;6691089;;;;;;;;;;;;;NC;BILLY;41016;41;41130;;NC;NC;NC(Non connu);Oui;NC;NC;NC;NC;NC;NC;Biomasse;NC;NC;;800;NC;Néant;NC;NC;>70;0;3;2
138;1;BLOIS (41) | Quartier Bégon et Chevalier;fiches_individuelles/fiche_rc_138.pdf;1.3222939;47.6023022;573948;6723775;CA DE BLOIS ''AGGLOPOLYS'';1 RUE HONORE DE BALZAC;41000;BLOIS (41);254903535;;SBDC (SOCIETE BLESOISE DE DISTRIBUTION DE CHALEUR);;;;;;SPDC;BLOIS;41018;41;41000;1;*50700;*18000;ENR&R >= 70%;Oui;Non;Oui;Non;Oui;Non;Non;Biomasse UVE Gaz;0.033;Non;5 906 équivalents logements (source : Via Sèva) | SBDC : filiale ENGIE / COFELY;49171;11700;Oui;56942;+ 2 Gwh / an;91;3;3;3
137;1;BLOIS (41) | Lycée polyvalent Philibert Dessaignes;fiches_individuelles/fiche_rc_137.pdf;1.3378393;47.5959703;575101;6723047;REGION NOUVELLE CENTRE VAL DE LOIRE;9 RUE SAINT PIERRE LENTIN;45041;ORLEANS (45);238703030;danielle.lebon@regioncentre.fr;;;;;;;RT;BLOIS;41018;41;41000;1;1380;Non;Absence d'ENR&R;Non;Non;Non;Non;Oui;Non;Non;Autres;0.234;Non;Raccordé au réseau de chaleur urbain;49171;NC;Non;1377;0,5 à 2 Gwh / an;0;2;1;3
140;1;CHAILLES (41) | Clinique Psychiatrique de la Chesnaie;fiches_individuelles/fiche_rc_140.pdf;1.3144022;47.5242193;573170;6715115;CLINIQUE PSYCHIATRIQUE DE LA CHESNAIE;LA CHESNAIE;41120;CHAILLES (41);254794827;clinique@chesnaie.com;CLINIQUE PSYCHIATRIQUE DE LA CHESNAIE;;41120;CHAILLES (41);;;RT;CHAILLES;41032;41;41120;1;*600;600;ENR&R < 70%;Oui;Non;Non;Non;NC;NC;Non;Biomasse;0.047;Non;3 chaudières bois;2019;NC;Non;1200;0,5 à 2 Gwh / an;80;2;3;1
139;1;BLOIS (41) | Quartier de l'Hôpital;fiches_individuelles/fiche_rc_139.pdf;1.3366014;47.6023809;575023;6723761;CA DE BLOIS ''AGGLOPOLYS'';1 RUE HONORE DE BALZAC;41000;BLOIS (41);254903535;;DALKIA (GROUPE EDF);37 AVENUE DU MARECHAL DE LATTRE DE TASSIGNY;59350;SAINT-ANDRE-LEZ-LILLE (59);320634242;guillaume.coupeau@dalkia.fr;SPDC;BLOIS;41018;41;41000;1;15300;5100;ENR&R >= 70%;Oui;Non;Oui;NC;Oui;NC;NC;Biomasse UVE Gaz;NC;NC;;49171;8765;Oui;*32500;+ 2 Gwh / an;>70;3;3;3
142;1;CONTRES (41) | Réseau communal;fiches_individuelles/fiche_rc_142.pdf;1.429762;47.4292142;581639;6704384;COMMUNE DE CONTRES (41);PLACE DU 8 MAI 1945;41700;CONTRES (41);254795322;mairie.contres@orange-business.fr;COMMUNE DE CONTRES (41);MAIRIE DE ET A;41700;CONTRES (41);;;SPDC;CONTRES;41059;41;41700;1;1000;300;ENR&R < 70%;Oui;Non;Non;Non;Oui;Non;Non;Biomasse Gaz;0.046;Non;;3268;510;Oui;1150;0,5 à 2 Gwh / an;85;2;3;1
141;;CHAON (41) | Charles de la Messellière;fiches_individuelles/fiche_inexistante.pdf;2.174999987;47.60833299;637800;6723400;;;;;;;;;;;;;NC;CHAON;41036;41;41600;;NC;NC;NC(Non connu);Oui;NC;NC;NC;NC;NC;NC;Biomasse;NC;NC;Localisation éloignée de la mairie;375;NC;Néant;NC;NC;>70;0;3;2
144;;LE PLESSIS-DORIN (41) | Réseau communal;fiches_individuelles/fiche_inexistante.pdf;0.866667019;48.08333299;540900;6778700;;;;;;;;;;;;;NC;LE PLESSIS-DORIN;41177;41;41170;;NC;NC;NC(Non connu);Oui;NC;NC;NC;NC;NC;NC;Biomasse;NC;NC;;202;NC;Néant;NC;NC;>70;0;3;2
143;;DROUE (41) | Réseau communal;fiches_individuelles/fiche_inexistante.pdf;1.0763902;48.0405791;556662;6772879;;;;;;;;;;;;;NC;DROUE;41075;41;41270;;NC;NC;NC(Non connu);Oui;NC;NC;NC;NC;NC;NC;Biomasse;NC;NC;Localisation éloignée de la mairie;1205;NC;Néant;NC;NC;100;0;3;2
146;1;MONDOUBLEAU (41) | Réseau intercommunal Centre-Ville;fiches_individuelles/fiche_rc_146.pdf;0.8981869;47.9799988;543207;6766488;CC DES COLLINES DU PERCHE;36 RUE GHEERBRANT BP 6;41170;MONDOUBLEAU (41);254897114;collines.perche@wanadoo.fr;CC DES COLLINES DU PERCHE;36 RUE GHEERBRANT BP 6;41170;MONDOUBLEAU (41);254897114;collines.perche@wanadoo.fr;SPDC;MONDOUBLEAU;41143;41;41170;1;*2900;*1000;ENR&R >= 70%;Oui;Non;Non;Non;Oui;Non;Non;Biomasse Gaz;0.115;NC;180 équivalents logements (source : Via Sèva);1608;1000;Oui;2795;+ 2 Gwh / an;63;3;2;1
145;;MAVES (41) | Réseau communal;fiches_individuelles/fiche_inexistante.pdf;1.366667004;47.75000001;577400;6739200;;;;;;;;;;;;;NC;MAVES;41130;41;41500;;NC;NC;NC(Non connu);Oui;NC;NC;NC;NC;NC;NC;Biomasse;NC;NC;;577;NC;Néant;NC;NC;>70;0;3;2
148;1;NEUNG-SUR-BEUVRON (41) | Parc d'entreprises;fiches_individuelles/fiche_rc_148.pdf;1.7559058;47.5390941;606413;6716151;CC DE LA SOLOGNE DES ETANGS;DOMAINE DE VILLEMORANT;41210;NEUNG-SUR-BEUVRON (41);254946200;contact@sologne-des-etangs.fr;;;;;;;SPDC;NEUNG-SUR-BEUVRON;41159;41;41210;1;550;200;ENR&R < 70%;Oui;Non;Non;Non;Non;Oui;Non;Biomasse Fioul;0.056;Non;;1112;320;Oui;*430;0 à 0,5 Gwh / an;85;1;3;1
147;1;MONTRIEUX-EN-SOLOGNE (41) | Réseau communal;fiches_individuelles/fiche_rc_147.pdf;1.7247988;47.5540444;604100;6717849;COMMUNE DE MONTRIEUX-EN-SOLOGNE (41);2 PLACE EMILE DUBONNET;41210;MONTRIEUX-EN-SOLOGNE (41);254982107;mairie.montrieux@wanadoo.fr;;;;;;;RT;MONTRIEUX-EN-SOLOGNE;41152;41;41210;1;450;150;ENR&R < 70%;Oui;Non;Non;Non;Oui;Non;Non;Biomasse Gaz;NC;Non;;524;480;Non;400;0 à 0,5 Gwh / an;78;1;3;1
150;;"OUCQUES LA NOUVELLE (41) | Foyer ""Le Clair Logis""";fiches_individuelles/fiche_inexistante.pdf;1.2985778;47.829808;572711;6749084;;;;;;;;;;;;;NC;OUCQUES LA NOUVELLE;41171;41;41290;;NC;NC;NC(Non connu);Oui;NC;NC;NC;NC;NC;NC;Biomasse;NC;NC;Localisation éloignée de la mairie;1313;NC;Néant;NC;NC;>70;0;3;2
149;1;NEUNG-SUR-BEUVRON (41) | Réseau communal;fiches_individuelles/fiche_rc_149.pdf;1.806326;47.5345888;610198;6715592;CC DE LA SOLOGNE DES ETANGS;DOMAINE DE VILLEMORANT;41210;NEUNG-SUR-BEUVRON (41);254946200;contact@sologne-des-etangs.fr;CC DE LA SOLOGNE DES ETANGS;DOMAINE DE VILLEMORANT;41210;NEUNG-SUR-BEUVRON (41);254946200;sologne-des-etangs@wanadoo.fr;SPDC;NEUNG-SUR-BEUVRON;41159;41;41210;1;*250;250;ENR&R < 70%;Oui;Non;Non;Non;NC;NC;Non;Biomasse;NC;Non;;1112;NC;Oui;*280;0 à 0,5 Gwh / an;>70;1;3;1
152;1;ROMORANTIN-LANTHENAY (41) | Lycée polyvalent Claude de France;fiches_individuelles/fiche_rc_152.pdf;1.7394216;47.3687526;604871;6697250;REGION NOUVELLE CENTRE VAL DE LOIRE;9 RUE SAINT PIERRE LENTIN;45041;ORLEANS (45);238703030;danielle.lebon@regioncentre.fr;;;;;;;RT;ROMORANTIN-LANTHENAY;41194;41;41200;1;4200;Non;Absence d'ENR&R;Non;Non;Non;Non;Oui;Non;Non;Gaz;0.234;Non;;18350;NC;Non;1182;0,5 à 2 Gwh / an;0;2;1;3
151;1;ROMORANTIN-LANTHENAY (41) | Hôpital Psychiatrique;fiches_individuelles/fiche_rc_151.pdf;1.7307211;47.3600867;604199;6696298;CENTRE HOSPITALIER DE ROMORANTIN-LANTHENAY;96 RUE DES CAPUCINS;41200;ROMORANTIN-LANTHENAY (41);254883300;;DALKIA (GROUPE EDF);37 AVENUE DU MARECHAL DE LATTRE DE TASSIGNY;59350;SAINT-ANDRE-LEZ-LILLE (59);320634242;guillaume.coupeau@dalkia.fr;RT;ROMORANTIN-LANTHENAY;41194;41;41200;1;8000;3000;ENR&R >= 70%;Oui;Non;Non;Non;Oui;Non;Non;Biomasse Gaz;NC;Non;;18350;1815;Non;8250;+ 2 Gwh / an;>70;3;3;3
154;;SAINT-MARTIN-DES-BOIS (41) | Abbaye Saint Georges;fiches_individuelles/fiche_inexistante.pdf;0.833333022;47.71666699;537100;6737900;ASSOCIATION DU DOMAINE DE SAINT GEORGES;;;;;;ASSOCIATION DU DOMAINE DE SAINT GEORGES;;;;;;RT;SAINT-MARTIN-DES-BOIS;41225;41;41800;;163;100;ENR&R < 70%;Oui;Non;Non;Non;Non;Oui;Non;Biomasse Fioul;NC;Non;Localisation éloignée de la mairie;589;88;Néant;20;0 à 0,5 Gwh / an;>70;1;3;2
153;1;SAINT-AIGNAN (41) | Lycée Val de Cher;fiches_individuelles/fiche_rc_153.pdf;1.3719206;47.2664979;576907;6686401;REGION NOUVELLE CENTRE VAL DE LOIRE;9 RUE SAINT PIERRE LENTIN;45041;ORLEANS (45);238703030;danielle.lebon@regioncentre.fr;;;;;;;RT;SAINT-AIGNAN;41198;41;41110;1;685;235;ENR&R < 70%;Oui;Oui;Non;Non;Oui;Non;Non;Biomasse Géothermie Gaz;0.025;Non;;3542;60;Non;400;0 à 0,5 Gwh / an;90;1;3;3
157;1;SELLES-SUR-CHER (41) | Réseau communal;fiches_individuelles/fiche_rc_156.pdf;1.5451154;47.2772274;590022;6687337;COMMUNE DE SELLES-SUR-CHER (41);1 PLACE CHARLES DE GAULLE;41130;SELLES-SUR-CHER (41);254952540;accueil@mairie-sellessurcher.fr;;;;;;;RT;SELLES-SUR-CHER;41242;41;41130;;650;250;ENR&R < 70%;Oui;Non;Non;Non;Oui;Non;Non;Biomasse Gaz;0.035;Non;;4775;468;Non;635;0,5 à 2 Gwh / an;85;2;3;3
155;;SAVIGNY-SUR-BRAYE (41) | Réseau communal;fiches_individuelles/fiche_inexistante.pdf;0.816666998;47.88333302;536200;6755400;;;;;;;;;;;;;NC;SAVIGNY-SUR-BRAYE;41238;41;41360;1;NC;NC;NC(Non connu);Oui;NC;NC;NC;NC;NC;NC;Biomasse;NC;NC;;2203;NC;Néant;NC;NC;>70;0;3;2
158;;SERIS (41) | Réseau communal;fiches_individuelles/fiche_inexistante.pdf;1.500000013;47.75000001;587700;6740600;;;;;;;;;;;;;NC;SERIS;41245;41;41500;;NC;NC;NC(Non connu);Oui;NC;NC;NC;NC;NC;NC;Biomasse;NC;NC;;287;NC;Néant;NC;NC;>70;0;3;2
156;1;SELLES-SAINT-DENIS (41) | Usine de démantèlement de missiles;fiches_individuelles/fiche_rc_157.pdf;1.9187187;47.3426766;618361;6694153;MBDA (SELLES-SAINT-DENIS);LIEUDIT LA CHAUDRONNE;41300;SELLES-SAINT-DENIS (41);254955908;;ENGIE COFELY CENTRE-OUEST;2 RUE DE LA TOUCHE LAMBERT;35510;CESSON-SEVIGNE (35);299276565;romain.deruwez@engie.com;RT;SELLES-SAINT-DENIS;41241;41;41300;;NC;1200;ENR&R >= 70%;Oui;Non;Non;Non;Non;Oui;Non;Biomasse Fioul;NC;Non;;1193;NC;Non;5500;+ 2 Gwh / an;58;3;2;1
160;;THORE-LA-ROCHETTE (41) | Réseau communal;fiches_individuelles/fiche_inexistante.pdf;0.966667005;47.78333298;547600;6745000;;;;;;;;;;;;;NC;THORE-LA-ROCHETTE;41259;41;41100;;NC;NC;NC(Non connu);Oui;NC;NC;NC;NC;NC;NC;Biomasse;NC;NC;Bois;883;NC;Néant;NC;NC;>70;0;3;2
159;;SOUGE (41) | Bâtiments communaux;fiches_individuelles/fiche_inexistante.pdf;0.716666668;47.76666666;529800;6743500;;;;;;;;;;;;;NC;SOUGE;41250;41;41800;;NC;NC;NC(Non connu);Oui;NC;NC;NC;NC;NC;NC;Biomasse;NC;NC;;437;NC;Néant;NC;NC;>70;0;3;2
194;1;MONTARGIS (45) | ZUP du Grand Clos;fiches_individuelles/fiche_rc_194.pdf;2.7409762;47.9968559;680681;6766306;COMMUNE DE MONTARGIS (45);6 RUE GAMBETTA BP 719;45200;MONTARGIS (45);238951000;;MONTARGIS ENERGIES;;;;;;SPDC;MONTARGIS;45208;45;45200;1;22500;4000;ENR&R >= 70%;Oui;Non;Non;Non;Oui;Non;Non;Biomasse Gaz;0.07;Oui;2 007 équivalents logements (source : Via Sèva);15030;3572;Oui;26207;+ 2 Gwh / an;64;3;2;3
193;1;MONTARGIS (45) | Lycée en forêt;fiches_individuelles/fiche_rc_193.pdf;2.7522706;48.0072382;681527;6767457;REGION NOUVELLE CENTRE VAL DE LOIRE;9 RUE SAINT PIERRE LENTIN;45041;ORLEANS (45);238703030;danielle.lebon@regioncentre.fr;EIFFAGE CONSTRUCTION CENTRE SNC;5 RUE CLAUDE LEWY;45100;ORLEANS (45);238226666;;RT;MONTARGIS;45208;45;45200;1;3390;720;ENR&R >= 70%;Oui;Non;Non;Non;Oui;Non;Non;Biomasse Gaz;0.105;Non;;15030;NC;Non;2863;+ 2 Gwh / an;55;3;2;3
196;1;NOGENT-SUR-VERNISSON (45) | Ecole;fiches_individuelles/fiche_rc_196.pdf;2.7457802;47.8478603;680986;6749749;COMMUNE DE NOGENT-SUR-VERNISSON (45);17 BIS RUE ARISTIDE BRIAND;45290;NOGENT-SUR-VERNISSON (45);238976053;mairie.ngv@wanadoo.fr;;;;;;;RT;NOGENT-SUR-VERNISSON;45229;45;45290;1;400;200;ENR&R < 70%;Oui;Non;Non;Non;Non;Oui;Non;Biomasse Fioul;0.045;Non;;2443;77;Non;*350;0 à 0,5 Gwh / an;80;1;3;3
195;;MONTCRESSON (45) | Réseau communal;fiches_individuelles/fiche_inexistante.pdf;2.8072207;47.9055851;685597;6756150;;;;;;;;;;;;;NC;MONTCRESSON;45212;45;45700;;NC;NC;NC(Non connu);Oui;NC;NC;NC;NC;NC;NC;Biomasse;NC;NC;;1266;NC;Néant;NC;NC;>70;0;3;2
198;1;OLIVET (45) | Réseau communal;fiches_individuelles/fiche_rc_198.pdf;1.8951538;47.8638231;617392;6752070;COMMUNE DE OLIVET (45);283 RUE DU GENERAL DE GAULLE;45160;OLIVET;238698300;contact@olivet.fr;;;;;;;RT;OLIVET;45232;45;45160;1;NC;Non;Absence d'ENR&R;Non;Non;Non;Non;Non;Non;Non;;0;Non;Réseau passé, non-utilisé;19195;524;Non;NC;NC;0;0;1;0
197;1;OLIVET (45) | Collège Charles rivière;fiches_individuelles/fiche_rc_197.pdf;1.8872232;47.8656924;616802;6752286;CONSEIL DEPARTEMENTAL 45;15 RUE EUGENE VIGNAT;45000;ORLEANS (45);238254545;;;;;;;;RT;OLIVET;45232;45;45160;1;*200;Non;Absence d'ENR&R;Non;Non;Non;Non;Oui;Non;Non;Gaz;0.234;Non;;19195;NC;Non;*200;0 à 0,5 Gwh / an;0;1;1;3
200;1;ORLEANS (45) | Cité Administrative de Coligny;fiches_individuelles/fiche_rc_200.pdf;1.8969555;47.9155575;617607;6757816;CITE COLIGNY;131 RUE DU FAUBOURG BANNIER;45000;ORLEANS (45);;;;;;;;;RT;ORLEANS;45234;45;45000;1;1970;Non;Absence d'ENR&R;Non;Non;Non;Non;Oui;Non;Non;Gaz;0.234;Non;;113126;627;Non;*3000;+ 2 Gwh / an;0;3;1;3
199;1;ORLEANS (45) | Caisse d'Epargne CECL Montespan;fiches_individuelles/fiche_rc_199.pdf;1.8696363;47.8976387;615538;6755854;CAISSE D'EPARGNE CECL MONTESPAN;;45100;ORLEANS (45);;;;;;;;;RT;ORLEANS;45234;45;45000;1;1100;600;ENR&R < 70%;Non;Oui;Non;Non;Oui;Non;Non;Géothermie Gaz;0.045;Non;;113126;70;Non;385;0 à 0,5 Gwh / an;100;1;3;3
202;1;ORLEANS (45) | Collège Jean Dunois;fiches_individuelles/fiche_rc_202.pdf;1.8929914;47.9072668;617298;6756899;CONSEIL DEPARTEMENTAL 45;15 RUE EUGENE VIGNAT;45000;ORLEANS (45);238254545;;;;;;;;RT;ORLEANS;45234;45;45000;1;*200;Non;Absence d'ENR&R;Non;Non;Non;Non;Oui;Non;Non;Gaz;0.234;Non;;113126;NC;Non;*200;0 à 0,5 Gwh / an;0;1;1;3
201;1;ORLEANS (45) | Cité Trévise;fiches_individuelles/fiche_rc_201.pdf;1.8971042;47.8942277;617585;6755446;LOGEMLOIRET;6 RUE DU COMMANDANT DE POLI - CS 14134;45000;ORLEANS (45);238704444;;SOCCRAM FRANCE SA;44-46 ALLEE LEON GAMBETTA;92110;CLICHY (92);147562222;;RT;ORLEANS;45234;45;45000;1;*500;500;ENR&R < 70%;Oui;Non;Non;Non;Oui;Non;Non;Biomasse Gaz;NC;Non;;113126;164;Non;*1050;0,5 à 2 Gwh / an;>70;2;3;3
204;1;ORLEANS (45) | Quartier centre-ville et Nord;fiches_individuelles/fiche_rc_204.pdf;1.9038111;47.9109865;618112;6757301;CU ORLEANS METROPOLE;ESPACE SAINT-MARC 5 PLACE DU 6 JUIN 1944 B.P.95801;45000;ORLEANS (45);238787575;;SODC (SOCIETE ORLEANAISE DE CHAUFFAGE);;;;;;SPDC;ORLEANS;45234;45;45000;1;NC;37000;ENR&R >= 70%;Oui;Non;Non;Non;Oui;Non;Non;Biomasse Gaz;0.22;Oui;SODC : filiale ENGIE / COFELY;113126;22391;Oui;89045;+ 2 Gwh / an;90;3;3;3
203;1;ORLEANS (45) | Collège Jean Pelletier;fiches_individuelles/fiche_rc_203.pdf;1.8897321;47.9229328;617079;6758643;CONSEIL DEPARTEMENTAL 45;15 RUE EUGENE VIGNAT;45000;ORLEANS (45);238254545;;;;;;;;RT;ORLEANS;45234;45;45000;1;*200;Non;Absence d'ENR&R;Non;Non;Non;Non;Oui;Non;Non;Gaz;0.234;Non;;113126;NC;Non;*200;0 à 0,5 Gwh / an;0;1;1;3
206;1;ORLEANS (45) | Syndicat de copropriétaires Clos Fleuri;fiches_individuelles/fiche_rc_206.pdf;1.9339741;47.9022457;620352;6756299;SYNDICAT DE COPROPRETAIRES CLOS FLEURI;;45100;ORLEANS (45);;;;;;;;;RT;ORLEANS;45234;45;45000;1;920;Non;Absence d'ENR&R;Non;Non;Non;Non;Oui;Non;Non;Gaz;0.234;Non;;113126;NC;Non;1276;0,5 à 2 Gwh / an;0;2;1;3
205;1;ORLEANS (45) | Quartier La Source;fiches_individuelles/fiche_rc_205.pdf;1.934619;47.8360878;620301;6748948;CU ORLEANS METROPOLE;ESPACE SAINT-MARC 5 PLACE DU 6 JUIN 1944 B.P.95801;45000;ORLEANS (45);238787575;;SOCOS (SOCIETE DE CHAUFFAGE D'ORLEANS LA SOURCE);;;;;;SPDC;ORLEANS;45234;45;45000;1;178850;25000;ENR&R >= 70%;Oui;Non;Non;Non;Oui;Non;Non;Biomasse Gaz;0.06;Oui;6 141 équivalents logements (source : Via Sèva) | SOCOS : filiale DALKIA;113126;27291;Oui;149584;+ 2 Gwh / an;68;3;2;1
208;1;PITHIVIERS (45) | Collège Denis Poisson;fiches_individuelles/fiche_rc_208.pdf;2.2435451;48.1664829;643762;6785394;CONSEIL DEPARTEMENTAL 45;15 RUE EUGENE VIGNAT;45000;ORLEANS (45);238254545;;;;;;;;RT;PITHIVIERS;45252;45;45300;1;1600;Non;Absence d'ENR&R;Non;Non;Non;Non;Oui;Non;Non;Gaz;0.234;Non;;9242;NC;Non;1400;0,5 à 2 Gwh / an;0;2;1;1
207;1;PATAY (45) | Collège Alfred de Musset;fiches_individuelles/fiche_rc_207.pdf;1.6948896;48.0523626;602766;6773246;CONSEIL DEPARTEMENTAL 45;15 RUE EUGENE VIGNAT;45000;ORLEANS (45);238254545;;;;;;;;RT;PATAY;45248;45;45310;1;*200;Non;Absence d'ENR&R;Non;Non;Non;Non;Oui;Non;Non;Gaz;0.234;Non;;2027;NC;Non;*200;0 à 0,5 Gwh / an;0;1;1;2
210;1;PUISEAUX (45) | Collège Victor Hugo;fiches_individuelles/fiche_rc_210.pdf;2.4679702;48.2073628;660477;6789801;CONSEIL DEPARTEMENTAL 45;15 RUE EUGENE VIGNAT;45000;ORLEANS (45);238254545;;;;;;;;RT;PUISEAUX;45258;45;45390;1;930;Non;Absence d'ENR&R;Non;Non;Non;Non;Oui;Non;Non;Gaz;0.234;Non;;3045;NC;Non;730;0,5 à 2 Gwh / an;0;2;1;3
209;1;PITHIVIERS (45) | Sucrerie depuis UIOM;fiches_individuelles/fiche_rc_209.pdf;2.243076;48.1841979;643746;6787363;SYNDICAT MIXTE BEAUCE GATINAIS VALORISATION;CVD ROUTE DE BOUZONVILLE-EN-BEAUCE;45300;PITHIVIERS (45);;;INOVA FRANCE SA;85 AVENUE VICTOR HUGO;92563;RUEIL-MALMAISON (92);147100350;;RC;PITHIVIERS;45252;45;45300;1;36400;Non;Absence d'ENR&R;Non;Non;Oui;Non;Probable;Non;NC;UVE;0.23;Oui;;9242;1800;NC;26632;+ 2 Gwh / an;>70;3;3;1
212;1;SAINT-DENIS-DE-L'HOTEL (45) | Cité Les Dors;fiches_individuelles/fiche_rc_212.pdf;2.1284498;47.8724212;634845;6752807;LOGEMLOIRET;6 RUE DU COMMANDANT DE POLI - CS 14134;45000;ORLEANS (45);238704444;;SOCCRAM FRANCE SA;44-46 ALLEE LEON GAMBETTA;92110;CLICHY (92);147562222;;RT;SAINT-DENIS-DE-L'HOTEL;45273;45;45550;1;*500;500;ENR&R < 70%;Oui;Non;Non;Non;Probable;NC;Non;Biomasse;NC;Non;;2621;NC;Non;*700;0,5 à 2 Gwh / an;>70;2;3;3
211;;SAINT-CYR-EN-VAL (45) | Maison des associations;fiches_individuelles/fiche_inexistante.pdf;1.966666975;47.833333;622800;6748200;;;;;;;;;;;;;NC;SAINT-CYR-EN-VAL;45272;45;45590;1;NC;NC;NC(Non connu);Oui;NC;NC;NC;NC;NC;NC;Biomasse;NC;NC;Localisation éloignée de la mairie;3251;NC;Néant;NC;NC;>70;0;3;2
214;;SAINTE-GENEVIEVE-DES-BOIS (45) | Collège en PPP;fiches_individuelles/fiche_inexistante.pdf;2.816666995;47.81666697;686400;6746400;;;;;;;;;;;;;NC;SAINTE-GENEVIEVE-DES-BOIS;45278;45;45230;;NC;NC;NC(Non connu);Oui;NC;NC;NC;NC;NC;NC;Biomasse;NC;NC;Localisation éloignée de la mairie | Granulés;990;NC;Néant;NC;NC;>0;0;2;2
213;1;SAINT-DENIS-DE-L'HOTEL (45) | Laiterie LSDH;fiches_individuelles/fiche_rc_213.pdf;2.1301656;47.8828293;634986;6753962;LAITERIE (SAINT-DENIS-DE-L'HOTEL);10 ROUTE DE L'AERODROME;45550;SAINT-DENIS-DE-L'HOTEL (45);238463000;;;;;;;;RT;SAINT-DENIS-DE-L'HOTEL;45273;45;45550;1;NC;NC;NC(Non connu);NC;NC;Non;NC;NC;NC;NC;;NC;NC;;2621;NC;Non;NC;NC;NC;0;0;0
216;1;SAINT-JEAN-DE-BRAYE (45) | Parfums Christian Dior;fiches_individuelles/fiche_rc_216.pdf;1.9883063;47.9266942;624446;6758962;PARFUMS CHRISTIAN DIOR;185 AVENUE DE VERDUN;45800;SAINT-JEAN-DE-BRAYE (45);238603508;scouratier@diormail.com;;;;;;;RT;SAINT-JEAN-DE-BRAYE;45284;45;45800;1;NC;Non;Absence d'ENR&R;Non;Non;Non;Non;Oui;Non;Non;Gaz;0.234;Non;;17758;NC;Non;*1000;0,5 à 2 Gwh / an;0;2;1;1
215;1;SAINT-JEAN-DE-BRAYE (45) | Lycée professionnel Gaudier-Brzeska;fiches_individuelles/fiche_rc_215.pdf;1.9474686;47.9122499;621375;6757397;REGION NOUVELLE CENTRE VAL DE LOIRE;9 RUE SAINT PIERRE LENTIN;45041;ORLEANS (45);238703030;danielle.lebon@regioncentre.fr;;;;;;;RT;SAINT-JEAN-DE-BRAYE;45284;45;45800;1;NC;Non;Absence d'ENR&R;Non;Non;Non;Non;Oui;Non;Non;Gaz;0.234;Non;;17758;NC;Non;*500;+ 2 Gwh / an;0;2;1;3
218;1;SAINT-JEAN-DE-LA-RUELLE (45) | Copropriété Prairie Grand Espere;fiches_individuelles/fiche_rc_218.pdf;1.8690774;47.9031417;615505;6756466;COPROPRIETE PRAIRIE GRANDE ESPERE;;45140;SAINT-JEAN-DE-LA-RUELLE (45);;;;;;;;;RT;SAINT-JEAN-DE-LA-RUELLE;45285;45;45140;1;1530;500;ENR&R < 70%;Non;Oui;Non;Non;Oui;Non;Non;Géothermie Gaz;0.064;Non;;16560;NC;Non;1200;0,5 à 2 Gwh / an;90;2;3;3
217;1;SAINT-JEAN-DE-LA-RUELLE (45) | Collège André Malraux;fiches_individuelles/fiche_rc_217.pdf;1.8672078;47.9035647;615366;6756515;CONSEIL DEPARTEMENTAL 45;15 RUE EUGENE VIGNAT;45000;ORLEANS (45);238254545;;;;;;;;RT;SAINT-JEAN-DE-LA-RUELLE;45285;45;45140;1;*200;Non;Absence d'ENR&R;Non;Non;Non;Non;NC;NC;Non;;NC;Non;;16560;NC;Non;*200;0 à 0,5 Gwh / an;0;1;1;3
220;;VIGLAIN (45) | Réseau communal;fiches_individuelles/fiche_inexistante.pdf;2.300000012;47.73333301;647700;6736600;;;;;;;;;;;;;NC;VIGLAIN;45336;45;45600;;NC;NC;NC(Non connu);Oui;NC;NC;NC;NC;NC;NC;Biomasse;NC;NC;;832;NC;Néant;NC;NC;>70;0;3;2
219;1;SARAN (45) | Pôle santé Oréliance;fiches_individuelles/fiche_rc_219.pdf;1.8786025;47.9395138;616274;6760497;POLE SANTE ORELIANCE;555 AVENUE JACQUELINE AURIOL;45770;SARAN (45);826221515;;;;;;;;RT;SARAN;45302;45;45770;1;4300;1000;ENR&R >= 70%;Non;Oui;Non;Non;Oui;Non;Non;Géothermie Gaz;NC;Non;;14797;NC;Non;5500;+ 2 Gwh / an;35;3;2;3
34;1;SANCOINS (18) | Réseau communal;fiches_individuelles/fiche_rc_34.pdf;2.9221062;46.8345964;694063;6637163;COMMUNE DE SANCOINS (18);MAIRIE DE ET A;18600;SANCOINS (18);;;COMMUNE DE SANCOINS (18);MAIRIE DE ET A;18600;SANCOINS (18);;;SPDC;SANCOINS;18242;18;18600;;1300;700;ENR&R >= 70%;Oui;Non;Non;Non;Oui;Non;Non;Biomasse Gaz;0.047;NC;;3562;728;Oui;2000;0,5 à 2 Gwh / an;80;3;3;3
33;;SANCERRE (18) | Collège Honoré de Balzac;fiches_individuelles/fiche_inexistante.pdf;2.83333302;47.33333301;687800;6692300;;;;;;;;;;;;;NC;SANCERRE;18241;18;18300;;NC;NC;NC(Non connu);Oui;NC;NC;NC;NC;NC;NC;Biomasse;NC;NC;Localisation éloignée de la mairie;1799;NC;Néant;NC;NC;>70;0;3;2
36;1;VIERZON (18) | Collège Albert Camus;fiches_individuelles/fiche_rc_36.pdf;2.0691335;47.2128041;629547;6679583;CONSEIL DEPARTEMENTAL 18;PLACE MARCEL PLAISANT;18000;BOURGES (18);248278000;;;;;;;;RT;VIERZON;18279;18;18100;;460;Non;Absence d'ENR&R;Non;Non;Non;Non;Oui;Non;Non;Gaz;0.234;Non;;29719;NC;Non;955;0,5 à 2 Gwh / an;0;2;1;3
35;;SAULZAIS-LE-POTIER (18) | Réseau communal;fiches_individuelles/fiche_inexistante.pdf;2.499999983;46.59999998;661400;6611100;;;;;;;;;;;;;NC;SAULZAIS-LE-POTIER;18245;18;18360;;NC;NC;NC(Non connu);Oui;NC;NC;NC;NC;NC;NC;Biomasse;NC;NC;;492;NC;Néant;NC;NC;>70;0;3;2
38;1;VIERZON (18) | Collège Fernand Léger;fiches_individuelles/fiche_rc_38.pdf;2.0388887;47.2290604;627280;6681416;CONSEIL DEPARTEMENTAL 18;PLACE MARCEL PLAISANT;18000;BOURGES (18);248278000;;;;;;;;RT;VIERZON;18279;18;18100;;345;Non;Absence d'ENR&R;Non;Non;Non;Non;Oui;Non;Non;Gaz;0.234;Non;;29719;NC;Non;836;0,5 à 2 Gwh / an;0;2;1;1
37;1;VIERZON (18) | Collège / Lycée Edouard Vaillant et Lycée René Cassin;fiches_individuelles/fiche_rc_37.pdf;2.0690334;47.2292794;629561;6681413;CONSEIL DEPARTEMENTAL 18;PLACE MARCEL PLAISANT;18000;BOURGES (18);248278000;;;;;;;;RC;VIERZON;18279;18;18100;;*250;Non;Absence d'ENR&R;Non;Non;Non;Non;Oui;Non;Non;Gaz;0.234;Non;;29719;NC;NC;491;0 à 0,5 Gwh / an;0;1;1;3
40;1;VIERZON (18) | ZUP du Clos du Roy - Tunnel Château;fiches_individuelles/fiche_rc_40.pdf;2.0681723;47.2202421;629484;6680410;SA HLM FRANCE LOIRE;33 RUE DU FAUBOURG DE BOURGOGNE;45000;ORLEANS (45);;;ENGIE COFELY CENTRE-OUEST;2 RUE DE LA TOUCHE LAMBERT;35510;CESSON-SEVIGNE (35);299276565;eric.lecorre@engie.com;RC ou RT;VIERZON;18279;18;18100;;*4000;Non;Absence d'ENR&R;Non;Non;Non;Non;Oui;Non;Non;Gaz;0.19;Oui;821 équivalents logements (source : Via Sèva);29719;4000;NC;8690;+ 2 Gwh / an;0;3;1;3
39;1;VIERZON (18) | Maison médicale de la Noue;fiches_individuelles/fiche_rc_39.pdf;2.059941;47.210317;628848;6679315;CENTRE HOSPITALIER DE VIERZON;33 RUE LEO MERIGOT;18100;VIERZON (18);;;ENGIE COFELY CENTRE-OUEST;2 RUE DE LA TOUCHE LAMBERT;35510;CESSON-SEVIGNE (35);299276565;eric.lecorre@engie.com;RC ou RT;VIERZON;18279;18;18100;;3600;1200;ENR&R >= 70%;Oui;Non;Non;Non;Probable;NC;NC;Biomasse;NC;Non;;29719;540;NC;3300;+ 2 Gwh / an;75;3;3;3
42;1;FRESNAY-L'EVEQUE (28) | Réseau communal;fiches_individuelles/fiche_rc_42.pdf;1.8227432;48.2650104;612643;6796726;COMMUNE DE FRESNAY-L'EVEQUE (28);3 RUE DE LA MAIRIE;28310;FRESNAY-L'EVEQUE (28);237999031;fresnay-leveque@wanadoo.fr;;;;;;;RT;FRESNAY-L'EVEQUE;28164;28;28310;1;300;150;ENR&R < 70%;Oui;Non;Non;Non;Non;Oui;Non;Biomasse Fioul;NC;Non;;560;240;Non;*300;0 à 0,5 Gwh / an;>0;1;2;3
41;1;CHATEAUDUN (28) | RC bois DUNES;fiches_individuelles/fiche_rc_41.pdf;1.3470409;48.0748066;576906;6776225;DUNES (DUNOISE ENERGIE SERVICES - CHATEAUDUN);RUE DE VILSAIN;28200;CHATEAUDUN (28);;;DUNES (DUNOISE ENERGIE SERVICES - CHATEAUDUN);RUE DE VILSAIN;28200;CHATEAUDUN (28);;;SPDC;CHATEAUDUN;28088;28;28200;1;27000;9000;ENR&R >= 70%;Oui;Non;Non;Non;Oui;Non;Non;Biomasse Gaz;0.043;Non;1 578 équivalents logements (source : Via Sèva) | DUNES : filiale ENGIE / COFELY;14543;8562;Oui;19332;+ 2 Gwh / an;82;3;3;3
44;1;LES VILLAGES-VOVEENS (28) | RC bois de la Beauce Vovéenne;fiches_individuelles/fiche_rc_44.pdf;1.6273985;48.2722451;598163;6797764;COMMUNAUTE DE COMMUNES DE LA BEAUCE VOVEENNE;6 RUE DE CHATEAUDUN BP 10 003;28150;LES VILLAGES-VOVEENS (28);237991263;com.com.voves@wanadoo.fr;COMMUNAUTE DE COMMUNES DE LA BEAUCE VOVEENNE;6 RUE DE CHATEAUDUN BP 10 003;28150;LES VILLAGES-VOVEENS (28);237991263;com.com.voves@wanadoo.fr;NC;LES VILLAGES-VOVEENS;28422;28;28150;1;*500;550;ENR&R < 70%;Oui;Non;Non;NC;Probable;NC;NC;Biomasse;NC;Non;;2928;NC;NC;*1250;0,5 à 2 Gwh / an;>0;2;2;3
43;1;GELAINVILLE (28) | CA Chartres Métropole;fiches_individuelles/fiche_rc_43.pdf;1.533531;48.415896;591496;6813853;CA CHARTRES METROPOLE;HOTEL DE VILLE PLACE DES HALLES;28000;CHARTRES (28);237913520;brubon@agglo-chartres.fr;;;;;;;SPDC;GELAINVILLE;28177;28;28630;1;*12000;12000;ENR&R >= 70%;Oui;Non;NC;Non;Probable;NC;NC;Biomasse;NC;NC;;409;NC;Oui;*160000;+ 2 Gwh / an;>0;3;2;1
46;1;NOGENT-LE-ROTROU (28) | Les Gauchetières;fiches_individuelles/fiche_rc_46.pdf;0.8002419;48.3213701;536959;6804610;NOGENT PERCHE HABITAT (OPH DE LA CC DU PERCHE);14 RUE DU CHAMP BOSSU;28400;NOGENT-LE-ROTROU (28);;;DALKIA (GROUPE EDF);37 AVENUE DU MARECHAL DE LATTRE DE TASSIGNY;59350;SAINT-ANDRE-LEZ-LILLE (59);320634242;guillaume.coupeau@dalkia.fr;NC;NOGENT-LE-ROTROU;28280;28;28400;1;*4800;780;ENR&R >= 70%;Oui;Non;Non;Non;Oui;Non;Non;Biomasse Gaz;0.219;Oui;455 équivalents logements (source : Via Sèva);11524;2781;NC;6043;+ 2 Gwh / an;25;3;2;1
45;1;LUCE (28) | Habitat Eurelien;fiches_individuelles/fiche_rc_45.pdf;1.4623488;48.4395144;586281;6816578;HABITAT EURELIEN (OFFICE PUBLIC DE L'HABITAT D'EURE ET LOIR);6 RUE JEAN PERRIN;28300;MAINVILLIERS (28);;;IDEX ENERGIES FRANCE;72 AVENUE JB CLEMENT;92513;BOULOGNE-BILLANCOURT (92);147124212;mickael.marcucetti@idex-groupe.com;RT;LUCE;28218;28;28110;1;*500;500;ENR&R < 70%;Oui;Non;Non;Non;Probable;NC;NC;Biomasse;NC;NC;;17701;NC;Non;*1890;0,5 à 2 Gwh / an;>0;2;2;3
48;;THIRON-GARDAIS (28) | Réseau communal;fiches_individuelles/fiche_inexistante.pdf;0.983332972;48.31666701;551300;6803000;;;;;;;;;;;;;NC;THIRON-GARDAIS;28387;28;28480;1;NC;NC;NC(Non connu);Oui;NC;NC;NC;NC;NC;NC;Biomasse;NC;NC;;1121;NC;Néant;NC;NC;>70;0;3;2
47;1;SAINT-MAURICE-SAINT-GERMAIN (28) | Fondation d'Auteuil;fiches_individuelles/fiche_rc_47.pdf;1.0893269;48.4939717;558845;6823232;FONDATION D'AUTEUIL;CHATEAU DES VAUX;28240;SAINT-MAURICE-SAINT-GERMAIN (28);237537070;;;;;;;;RT;SAINT-MAURICE-SAINT-GERMAIN;28354;28;28240;;3200;NC;NC(Non connu);Oui;Non;Non;Non;Oui;Non;Non;Biomasse Gaz;NC;Non;;355;NC;Non;6500;+ 2 Gwh / an;10;3;2;1
50;1;ARGENTON-SUR-CREUSE (36) | OPAC 36;fiches_individuelles/fiche_rc_50.pdf;1.5229136;46.5860662;586908;6610616;OPAC 36;90 AVENUE CHARLES DE GAULLE;36000;CHATEAUROUX (36);254602000;;OPAC 36;90 AVENUE CHARLES DE GAULLE;36000;CHATEAUROUX (36);;;RC ou RT;ARGENTON-SUR-CREUSE;36006;36;36200;1;*900;900;ENR&R >= 70%;Oui;Non;Non;Non;Probable;NC;Non;Biomasse;NC;Non;;5146;NC;NC;*3500;+ 2 Gwh / an;>70;3;3;2
49;;ARDENTES (36) | Collège;fiches_individuelles/fiche_inexistante.pdf;1.833332992;46.74999998;610700;6627500;;;;;;;;;;;;;NC;ARDENTES;36005;36;36120;1;NC;NC;NC(Non connu);Oui;NC;NC;NC;NC;NC;NC;Biomasse;NC;NC;Localisation éloignée de la mairie | Granulés;3323;NC;Néant;NC;NC;>70;0;3;2
52;1;CHATEAUROUX (36) | Centre pénitentiaire;fiches_individuelles/fiche_rc_52.pdf;1.7221047;46.7933334;602530;6633366;CENTRE PENITENCIAIRE DE CHATEAUROUX;LE CRAQUELIN;36000;CHATEAUROUX (36);254534000;;;;;;;;RT;CHATEAUROUX;36044;36;36000;1;630;Non;Absence d'ENR&R;Non;Non;Non;Non;Non;Non;Electricité;;0.18;Non;;49632;NC;Non;2600;+ 2 Gwh / an;0;3;1;3
51;1;CHATEAUROUX (36) | AFPA Châteauroux;fiches_individuelles/fiche_rc_51.pdf;1.6838556;46.826365;599674;6637082;AFPA (CHATEAUROUX);134 RUE DE VAUGIRARD;36000;CHATEAUROUX (36);;;;;;;;;RT;CHATEAUROUX;36044;36;36000;1;3400;Non;Absence d'ENR&R;Non;Non;Non;Non;Oui;Non;Non;Gaz;0.234;Non;;49632;NC;Non;4000;+ 2 Gwh / an;0;3;1;1
54;1;CHATEAUROUX (36) | Cité Saint-Jean;fiches_individuelles/fiche_rc_54.pdf;1.7050178;46.8027597;601244;6634434;SCALIS SA;14 RUE SAINT LUC;36000;CHATEAUROUX (36);;;SCALIS SA;14 RUE SAINT LUC;36000;CHATEAUROUX (36);;;RC;CHATEAUROUX;36044;36;36000;1;NC;NC;NC(Non connu);Non;Oui;Non;Non;Oui;Non;Non;Géothermie Gaz;0.046;Non;Réseau datant de 1981;49632;1701;NC;*10000;+ 2 Gwh / an;85;3;3;3
53;1;CHATEAUROUX (36) | Cité de Beaulieu;fiches_individuelles/fiche_rc_53.pdf;1.678554;46.8043497;599229;6634644;OPAC 36;90 AVENUE CHARLES DE GAULLE;36000;CHATEAUROUX (36);;;OPAC 36;90 AVENUE CHARLES DE GAULLE;36000;CHATEAUROUX (36);;;RC;CHATEAUROUX;36044;36;36000;1;10500;3500;ENR&R >= 70%;Oui;Non;Non;Non;Oui;Non;Non;Biomasse Gaz;NC;Non;;49632;1310;NC;*12500;+ 2 Gwh / an;93;3;3;3
56;1;CHATEAUROUX (36) | Lycée agricole du Touvent;fiches_individuelles/fiche_rc_56.pdf;1.6926697;46.7867619;600273;6632673;REGION NOUVELLE CENTRE VAL DE LOIRE;9 RUE SAINT PIERRE LENTIN;45041;ORLEANS (45);238703030;danielle.lebon@regioncentre.fr;IDEX ENERGIES FRANCE;72 AVENUE JB CLEMENT;92513;BOULOGNE-BILLANCOURT (92);147124212;mickael.marcucetti@idex-groupe.com;RT;CHATEAUROUX;36044;36;36000;1;*1200;1200;ENR&R >= 70%;Oui;Non;Non;Non;NC;NC;Non;Biomasse;NC;Non;;49632;386;Non;*2800;+ 2 Gwh / an;>0;3;2;3
55;1;CHATEAUROUX (36) | Hôpital;fiches_individuelles/fiche_rc_55.pdf;1.6951905;46.798056;600486;6633924;CENTRE HOSPITALIER DE CHATEAUROUX;216 AVENUE DE VERDUN;36000;CHATEAUROUX (36);;;DALKIA (GROUPE EDF);37 AVENUE DU MARECHAL DE LATTRE DE TASSIGNY;59350;SAINT-ANDRE-LEZ-LILLE (59);320634242;guillaume.coupeau@dalkia.fr;RT;CHATEAUROUX;36044;36;36000;1;*8000;1200;ENR&R >= 70%;Oui;Non;Non;Non;Oui;Non;Non;Biomasse Gaz;0.059;Non;;49632;606;Non;10200;+ 2 Gwh / an;75;3;3;3
58;;DEOLS (36) | Emmaüs;fiches_individuelles/fiche_inexistante.pdf;1.7522259;46.8102786;604857;6635211;;;;;;;;;;;;;NC;DEOLS;36063;36;36130;1;NC;NC;NC(Non connu);Oui;NC;NC;NC;NC;NC;NC;Biomasse;NC;NC;Localisation éloignée de la mairie;8089;NC;Néant;NC;NC;94;0;3;2
57;1;CHATEAUROUX (36) | Lycée Blaise Pascal;fiches_individuelles/fiche_rc_57.pdf;1.7116861;46.796423;601741;6633722;REGION NOUVELLE CENTRE VAL DE LOIRE;9 RUE SAINT PIERRE LENTIN;45041;ORLEANS (45);238703030;danielle.lebon@regioncentre.fr;ENGIE COFELY CENTRE-OUEST;2 RUE DE LA TOUCHE LAMBERT;35510;CESSON-SEVIGNE (35);299276565;romain.deruwez@engie.com;RT;CHATEAUROUX;36044;36;36000;1;6000;2000;ENR&R >= 70%;Oui;Non;Non;Non;NC;NC;Non;Biomasse;NC;Non;;49632;315;Non;*3000;+ 2 Gwh / an;>0;3;2;3
60;;LA CHATRE (36) | SCALIS - Cité Laulière;fiches_individuelles/fiche_inexistante.pdf;1.9803321;46.5696651;621904;6608241;;;;;;;;;;;;;NC;LA CHATRE;36046;36;36400;1;NC;NC;NC(Non connu);Oui;NC;NC;NC;Oui;NC;NC;Biomasse Gaz;NC;Non;Localisation éloignée de la mairie;4547;NC;Néant;NC;NC;>70;0;3;2
59;1;ISSOUDUN (36) | Les Champs d'Amour;fiches_individuelles/fiche_rc_59.pdf;1.9975015;46.9569563;623765;6651234;CC DU PAYS D'ISSOUDUN;HOTEL DE VILLE PLACE DES DROITS DE L'HOMME BP 150;36100;ISSOUDUN (36);254033636;;DALKIA (GROUPE EDF);37 AVENUE DU MARECHAL DE LATTRE DE TASSIGNY;59350;SAINT-ANDRE-LEZ-LILLE (59);320634242;guillaume.coupeau@dalkia.fr;SPDC;ISSOUDUN;36088;36;36100;1;*2500;2500;ENR&R >= 70%;Oui;Non;Non;NC;Probable;NC;NC;Biomasse;0.047;NC;;13685;1588;Oui;*9000;+ 2 Gwh / an;80;3;3;3
62;1;LE BLANC (36) | RC bois du quartier de la gare;fiches_individuelles/fiche_rc_62.pdf;1.0676883;46.6342137;552191;6616714;CC BRENNE - VAL DE CREUSE;5 RUE DE L'EGLISE;36300;RUFFEC (36);254283360;brenne-valdecreuse@wanadoo.fr;CC BRENNE - VAL DE CREUSE;MAIRIE;36300;RUFFEC (36);;brenne-valdecreuse@wanadoo.fr;SPDC;LE BLANC;36018;36;36300;1;3600;1200;ENR&R >= 70%;Oui;Non;Non;Non;Oui;Non;Non;Biomasse Gaz;NC;Non;;6998;1332;Oui;*4200;+ 2 Gwh / an;81;3;3;3
61;1;LA CHATRE (36) | SCALIS – Cité Les Capucins;fiches_individuelles/fiche_rc_61.pdf;1.9855569;46.5842818;622325;6609859;COMMUNE DE LA CHATRE (36);PLACE DE L'HOTEL DE VILLE;36400;LA CHATRE (36);254062606;contact@mairie-lachatre.fr;;;;;;;RT;LA CHATRE;36046;36;36400;1;*400;400;ENR&R < 70%;Oui;Non;Non;Non;Oui;Non;Non;Biomasse Gaz;NC;Non;;4547;NC;Non;*800;0,5 à 2 Gwh / an;>0;2;2;2
64;;LUCAY-LE-MALE (36) | Réseau communal;fiches_individuelles/fiche_inexistante.pdf;1.4365597;47.1235038;581479;6670422;;;;;;;;;;;;;NC;LUCAY-LE-MALE;36103;36;36360;;NC;NC;NC(Non connu);Oui;NC;NC;NC;NC;NC;NC;Biomasse;NC;NC;;1706;NC;Néant;NC;NC;>70;0;3;2
63;1;LE POINCONNET (36) | Centre-ville;fiches_individuelles/fiche_rc_63.pdf;1.7204871;46.7646431;602355;6630182;COMMUNE DE LE POINCONNET (36);PLACE DU 1ER MAI;36330;LE POINCONNET (36);254605535;mairie.lepoinconnet@wanadoo.fr;ENGIE COFELY CENTRE-OUEST;2 RUE DE LA TOUCHE LAMBERT;35510;CESSON-SEVIGNE (35);299276565;romain.deruwez@engie.com;RT;LE POINCONNET;36159;36;36330;1;1350;500;ENR&R < 70%;Oui;Non;Non;Non;Oui;Non;Non;Biomasse Gaz;0.047;Non;;5021;822;Non;1700;0,5 à 2 Gwh / an;80;2;3;1
2;1;AVORD (18) | Collège Georges Sand;fiches_individuelles/fiche_rc_2.pdf;2.6513546;47.0392698;673527;6659951;CONSEIL DEPARTEMENTAL 18;PLACE MARCEL PLAISANT;18000;BOURGES (18);248278000;;;;;;;;RT;AVORD;18018;18;18520;1;623;Non;Absence d'ENR&R;Non;Non;Non;Non;Oui;Non;Non;Gaz;0.234;Non;;2334;NC;Non;346;0 à 0,5 Gwh / an;0;1;1;1
1;1;AUBIGNY-SUR-NERE (18) | Collège Gérard Philippe;fiches_individuelles/fiche_rc_1.pdf;2.4325284;47.4845512;657267;6709508;CONSEIL DEPARTEMENTAL 18;PLACE MARCEL PLAISANT;18000;BOURGES (18);248278000;;;;;;;;RT;AUBIGNY-SUR-NERE;18015;18;18700;1;430;Non;Absence d'ENR&R;Non;Non;Non;Non;Oui;Non;Non;Gaz;0.234;Non;;5907;NC;Non;1217;0,5 à 2 Gwh / an;0;2;1;3
4;1;BOURGES (18) | Collège Jean Renoir;fiches_individuelles/fiche_rc_4.pdf;2.4136155;47.065345;655497;6662954;CONSEIL DEPARTEMENTAL 18;PLACE MARCEL PLAISANT;18000;BOURGES (18);248278000;;;;;;;;RT;BOURGES;18033;18;18000;1;*400;Non;Absence d'ENR&R;Non;Non;Non;Non;Oui;Non;Non;Gaz;0.234;Non;;72480;NC;Non;841;0,5 à 2 Gwh / an;0;2;1;3
3;1;BOURGES (18) | Chancellerie Gibjoncs - ZUP de Bourges;fiches_individuelles/fiche_rc_3.pdf;2.4024791;47.0976642;654679;6666550;CA BOURGES PLUS;23-31 BOULEVARD FOCH B.P. 500;18000;BOURGES (18);248485858;info@agglo-bourgesplus.fr;ENGIE COFELY CENTRE-OUEST;2 RUE DE LA TOUCHE LAMBERT;35510;CESSON-SEVIGNE (35);299276565;eric.lecorre@engie.com;SPDC;BOURGES;18033;18;18000;1;64500;21500;ENR&R >= 70%;Oui;Non;Non;Non;Oui;Non;Non;Biomasse Gaz;0.037;Probable;7 578 équivalents logements (source : Via Sèva) | 3 chaudières bois;72480;17570;Oui;90080;+ 2 Gwh / an;84;3;3;2
6;1;BOURGES (18) | Collège Saint Exupéry;fiches_individuelles/fiche_rc_6.pdf;2.3801099;47.0777479;652965;6664351;CONSEIL DEPARTEMENTAL 18;PLACE MARCEL PLAISANT;18000;BOURGES (18);248278000;;;;;;;;RT;BOURGES;18033;18;18000;1;660;Non;Absence d'ENR&R;Non;Non;Non;Non;Oui;Non;Non;Gaz;0.234;Non;;72480;NC;Non;671;0,5 à 2 Gwh / an;0;2;1;3
5;1;BOURGES (18) | Collège LITTRE;fiches_individuelles/fiche_rc_5.pdf;2.3919451;47.0859409;653870;6665254;CONSEIL DEPARTEMENTAL 18;PLACE MARCEL PLAISANT;18000;BOURGES (18);248278000;;;;;;;;RT;BOURGES;18033;18;18000;1;685;Non;Absence d'ENR&R;Non;Non;Non;Non;Oui;Non;Non;Gaz;0.234;Non;;72480;NC;Non;754;0,5 à 2 Gwh / an;0;2;1;3
8;1;BOURGES (18) | RC bois du lycée Jacques Cœur;fiches_individuelles/fiche_rc_8.pdf;2.4092175;47.0722912;655169;6663728;REGION NOUVELLE CENTRE VAL DE LOIRE;9 RUE SAINT PIERRE LENTIN;45041;ORLEANS (45);238703030;danielle.lebon@regioncentre.fr;;;;;;;RT;BOURGES;18033;18;18000;1;*900;900;ENR&R >= 70%;Oui;Non;Non;NC;NC;NC;NC;Biomasse;NC;NC;;72480;NC;Non;*2340;+ 2 Gwh / an;NC;3;0;3
7;1;BOURGES (18) | IUT de Bourges;fiches_individuelles/fiche_rc_7.pdf;2.4169715;47.0986385;655779;6666650;IUT DE BOURGES;63 AVENUE DE LATTRE DE TASSIGNY;18020;BOURGES (18);248238080;;;;;;;;RT;BOURGES;18033;18;18000;1;2050;Non;Absence d'ENR&R;Non;Non;Non;Non;Oui;Non;Non;Gaz;0.234;Non;;72480;NC;Non;*1800;0,5 à 2 Gwh / an;0;2;1;3
10;1;CHEZAL-BENOIT (18) | Hôpital George Sand;fiches_individuelles/fiche_rc_10.pdf;2.1145715;46.823508;632501;6636307;CENTRE HOSPITALIER GEORGE SAND;77 RUE LOUIS MALLET - BP 6050;18000;BOURGES (18);248665252;;;;;;;;RT;CHEZAL-BENOIT;18065;18;18160;1;NC;NC;NC(Non connu);Non;Non;Non;Non;NC;NC;Non;;NC;NC;;977;1344;Non;NC;NC;0;0;1;0
9;1;CHATEAUMEILLANT (18) | Collège Antoine Meillet;fiches_individuelles/fiche_rc_9.pdf;2.1954295;46.5682631;638376;6607895;CONSEIL DEPARTEMENTAL 18;PLACE MARCEL PLAISANT;18000;BOURGES (18);248278000;;;;;;;;RT;CHATEAUMEILLANT;18057;18;18370;1;*120;Non;Absence d'ENR&R;Non;Non;Non;Non;Non;Oui;Non;Fioul;0.3;Non;;2058;NC;Non;241;0 à 0,5 Gwh / an;0;1;1;1
12;;FARGES-ALLICHAMPS (18) | Propriété de M. MAGRIAU;fiches_individuelles/fiche_inexistante.pdf;2.395218;46.7576142;653839;6628787;;;;;;;;;;;;;NC;FARGES-ALLICHAMPS;18091;18;18200;;NC;NC;NC(Non connu);Oui;NC;NC;NC;NC;NC;NC;Biomasse;NC;NC;Localisation éloignée de la mairie;214;NC;Néant;NC;NC;>70;0;3;2
11;1;DUN-SUR-AURON (18) | Collège Le Colombier;fiches_individuelles/fiche_rc_11.pdf;2.5710056;46.8899893;667336;6643401;CONSEIL DEPARTEMENTAL 18;PLACE MARCEL PLAISANT;18000;BOURGES (18);248278000;;;;;;;;RT;DUN-SUR-AURON;18087;18;18130;1;800;Non;Absence d'ENR&R;Non;Non;Non;Non;Oui;Non;Non;Gaz;0.234;Non;;4013;NC;Non;582;0,5 à 2 Gwh / an;0;2;1;1
14;1;JOUET-SUR-L'AUBOIS (18) | Réseau communal;fiches_individuelles/fiche_rc_14.pdf;2.9878295;47.0463407;699076;6660678;COMMUNE DE JOUET-SUR-L'AUBOIS (18);10 RUE DE L'EGLISE;18320;JOUET-SUR-L'AUBOIS (18);248764326;mairie.jouet@wanadoo.fr;;;;;;;RT;JOUET-SUR-L'AUBOIS;18118;18;18320;1;570;220;ENR&R < 70%;Oui;Non;Non;Non;Oui;Non;Non;Biomasse Gaz;0.047;Non;;1341;123;Non;*400;0,5 à 2 Gwh / an;80;1;3;3
13;1;HENRICHEMONT (18) | Collège Béthune Sully;fiches_individuelles/fiche_rc_13.pdf;2.5220187;47.3062323;663886;6689655;CONSEIL DEPARTEMENTAL 18;PLACE MARCEL PLAISANT;18000;BOURGES (18);248278000;;;;;;;;RT;HENRICHEMONT;18109;18;18250;1;595;Non;Absence d'ENR&R;Non;Non;Non;Non;Oui;Non;Non;Gaz;0.234;Non;;1829;NC;Non;520;0,5 à 2 Gwh / an;0;2;1;2
16;1;LE CHATELET (18) | Collège François le Champi;fiches_individuelles/fiche_rc_16.pdf;2.2827005;46.63953;645132;6615745;CONSEIL DEPARTEMENTAL 18;PLACE MARCEL PLAISANT;18000;BOURGES (18);248278000;;;;;;;;RT;LE CHATELET;18059;18;18170;1;440;Non;Absence d'ENR&R;Non;Non;Non;Non;Non;Oui;Non;Fioul;0.3;Non;;1104;NC;Non;287;0 à 0,5 Gwh / an;0;1;1;1
15;1;LA-GUERCHE-SUR-L'AUBOIS (18) | Collège Claude Debussy;fiches_individuelles/fiche_rc_15.pdf;2.9528381;46.9498153;696413;6649958;CONSEIL DEPARTEMENTAL 18;PLACE MARCEL PLAISANT;18000;BOURGES (18);248278000;;;;;;;;RT;LA-GUERCHE-SUR-L'AUBOIS;18108;18;18150;1;*300;Non;Absence d'ENR&R;Non;Non;Non;Non;Oui;Non;Non;Gaz;0.234;Non;;3397;NC;Non;614;0,5 à 2 Gwh / an;0;2;1;1
18;;MARCAIS (18) | Réseau communal;fiches_individuelles/fiche_inexistante.pdf;2.366666974;46.70000002;651900;6622100;;;;;;;;;;;;;NC;MARCAIS;18136;18;18170;;NC;NC;NC(Non connu);Oui;NC;NC;NC;NC;NC;NC;Biomasse;NC;NC;;324;NC;Néant;NC;NC;96;0;3;2
17;;LE SUBDRAY (18) | MBDA;fiches_individuelles/fiche_inexistante.pdf;2.300000012;47.01666697;646300;6656900;;;;;;;;;;;;;NC;LE SUBDRAY;18255;18;18570;1;Non;Non;Absence d'ENR&R;Non;NC;NC;NC;Oui;NC;NC;Gaz;NC;NC;Localisation éloignée de la mairie;712;NC;Néant;NC;NC;0;0;1;2
20;;NANCAY (18) | Réseau communal;fiches_individuelles/fiche_inexistante.pdf;2.200000026;47.35000001;639200;6694700;;;;;;;;;;;;;NC;NANCAY;18159;18;18330;;NC;NC;NC(Non connu);Oui;NC;NC;NC;NC;NC;NC;Biomasse;NC;NC;;738;NC;Néant;NC;NC;>70;0;3;2
19;1;MEHUN-SUR-YEVRE (18) | Collège Irène Joliot Curie;fiches_individuelles/fiche_rc_19.pdf;2.2079076;47.1411973;639970;6671515;CONSEIL DEPARTEMENTAL 18;PLACE MARCEL PLAISANT;18000;BOURGES (18);248278000;;;;;;;;RT;MEHUN-SUR-YEVRE;18141;18;18500;1;450;Non;Absence d'ENR&R;Non;Non;Non;Non;Oui;Non;Non;Gaz;0.234;Non;;7212;NC;Non;805;0,5 à 2 Gwh / an;0;2;1;2
22;;PRESLY (18) | Domaine du Boulay;fiches_individuelles/fiche_inexistante.pdf;2.349999976;47.38333298;651500;6698800;;;;;;;;;;;;;NC;PRESLY;18185;18;18380;;NC;NC;NC(Non connu);Oui;NC;NC;NC;NC;NC;NC;Biomasse;NC;NC;Localisation éloignée de la mairie;228;NC;Néant;NC;NC;100;0;3;2
21;1;NERONDES (18) | Collège Julien Dumas;fiches_individuelles/fiche_rc_21.pdf;2.8167677;46.9928781;686075;6654756;CONSEIL DEPARTEMENTAL 18;PLACE MARCEL PLAISANT;18000;BOURGES (18);248278000;;;;;;;;RT;NERONDES;18160;18;18350;1;*175;Non;Absence d'ENR&R;Non;Non;Non;Non;Oui;Non;Non;Gaz;0.234;Non;;1618;NC;Non;357;0 à 0,5 Gwh / an;0;1;1;1
24;1;SAINT-AMAND-MONTROND (18) | Collège Jean Moulin;fiches_individuelles/fiche_rc_24.pdf;2.5129303;46.733592;662807;6626057;CONSEIL DEPARTEMENTAL 18;PLACE MARCEL PLAISANT;18000;BOURGES (18);248278000;;;;;;;;RT;SAINT-AMAND-MONTROND;18197;18;18200;1;*400;Non;Absence d'ENR&R;Non;Non;Non;Non;Oui;Non;Non;Gaz;0.234;Non;;11447;NC;Non;896;0,5 à 2 Gwh / an;0;2;1;3
23;1;SAINT-AMAND-MONTROND (18) | Cité du Vernet;fiches_individuelles/fiche_rc_23.pdf;2.498635;46.7315766;661714;6625840;SA HLM FRANCE LOIRE;33 RUE DU FAUBOURG DE BOURGOGNE;45000;ORLEANS (45);;;;;;;;;RC ou RT;SAINT-AMAND-MONTROND;18197;18;18200;1;NC;NC;NC(Non connu);Non;Non;Non;Non;Oui;Non;Non;Gaz;NC;NC;;11447;474;NC;NC;NC;0;0;1;0
26;1;SAINT-DOULCHARD (18) | Collège Louis Armand;fiches_individuelles/fiche_rc_26.pdf;2.3720337;47.1024097;652374;6667095;CONSEIL DEPARTEMENTAL 18;PLACE MARCEL PLAISANT;18000;BOURGES (18);248278000;;;;;;;;RT;SAINT-DOULCHARD;18205;18;18230;1;545;Non;Absence d'ENR&R;Non;Non;Non;Non;Oui;Non;Non;Gaz;0.234;Non;;9018;NC;Non;582;0,5 à 2 Gwh / an;0;2;1;3
25;1;SAINT-AMAND-MONTROND (18) | Collège Jean Valette;fiches_individuelles/fiche_rc_25.pdf;2.5130465;46.7162503;662804;6624131;CONSEIL DEPARTEMENTAL 18;PLACE MARCEL PLAISANT;18000;BOURGES (18);248278000;;;;;;;;RT;SAINT-AMAND-MONTROND;18197;18;18200;1;*250;Non;Absence d'ENR&R;Non;Non;Non;Non;Oui;Non;Non;Gaz;0.234;Non;;11447;NC;Non;495;0 à 0,5 Gwh / an;0;1;1;2
28;1;SAINT-FLORENT-SUR-CHER (18) | Collège Voltaire;fiches_individuelles/fiche_rc_28.pdf;2.2548811;46.9982173;643380;6655600;CONSEIL DEPARTEMENTAL 18;PLACE MARCEL PLAISANT;18000;BOURGES (18);248278000;;;;;;;;RT;SAINT-FLORENT-SUR-CHER;18207;18;18400;1;430;Non;Absence d'ENR&R;Non;Non;Non;Non;Oui;Non;Non;Gaz;0.234;Non;;6900;NC;Non;666;0,5 à 2 Gwh / an;0;2;1;3
27;1;SAINT-DOULCHARD (18) | Usine Michelin;fiches_individuelles/fiche_rc_27.pdf;2.3723805;47.0998006;652398;6666805;MICHELIN KLEBER (SAINT-DOULCHARD);13 RUE DES 2 PONTS;18230;SAINT-DOULCHARD (18);248688600;;ENGIE COFELY CENTRE-OUEST;2 RUE DE LA TOUCHE LAMBERT;35510;CESSON-SEVIGNE (35);299276565;eric.lecorre@engie.com;RT;SAINT-DOULCHARD;18205;18;18230;1;NC;5500;ENR&R >= 70%;Oui;Non;Non;Non;Oui;Non;Non;Biomasse Gaz;NC;NC;;9018;NC;Non;*45000;+ 2 Gwh / an;>0;3;2;1
30;;SAINT-HILAIRE-EN-LIGNIERES (18) | Réseau communal;fiches_individuelles/fiche_inexistante.pdf;2.1761146;46.7506331;637108;6628163;;;;;;;;;;;;;NC;SAINT-HILAIRE-EN-LIGNIERES;18216;18;18160;;NC;NC;NC(Non connu);Oui;NC;NC;NC;NC;NC;NC;Biomasse;NC;NC;;523;NC;Néant;NC;NC;>70;0;3;2
29;1;SAINT-GERMAIN-DU-PUY (18) | Collège Jean Rostand;fiches_individuelles/fiche_rc_29.pdf;2.4825399;47.1026238;660755;6667058;CONSEIL DEPARTEMENTAL 18;PLACE MARCEL PLAISANT;18000;BOURGES (18);248278000;;;;;;;;RT;SAINT-GERMAIN-DU-PUY;18213;18;18390;1;1295;Non;Absence d'ENR&R;Non;Non;Non;Non;Oui;Non;Non;Gaz;0.234;Non;;5007;NC;Non;790;0,5 à 2 Gwh / an;0;2;1;1
32;1;SANCERRE (18) | Collège de Sancerre;fiches_individuelles/fiche_rc_32.pdf;2.8333683;47.3317091;687416;6692389;CONSEIL DEPARTEMENTAL 18;PLACE MARCEL PLAISANT;18000;BOURGES (18);248278000;;;;;;;;RT;SANCERRE;18241;18;18300;;895;Non;Absence d'ENR&R;Non;Non;Non;Non;Non;Oui;Non;Fioul;0.3;Non;;1799;213;Non;1398;0,5 à 2 Gwh / an;0;2;1;1
31;1;SANCERGUES (18) | Collège Roger Martin du Gard;fiches_individuelles/fiche_rc_31.pdf;2.9111662;47.153408;693269;6672574;CONSEIL DEPARTEMENTAL 18;PLACE MARCEL PLAISANT;18000;BOURGES (18);248278000;;;;;;;;RT;SANCERGUES;18240;18;18140;;660;Non;Absence d'ENR&R;Non;Non;Non;Non;Non;Oui;Non;Fioul;0.3;Non;;718;NC;Non;715;0,5 à 2 Gwh / an;0;2;1;1
98;1;JOUE-LES-TOURS (37) | Morier et Rabière;fiches_individuelles/fiche_rc_98.pdf;0.6650508;47.349184;523748;6696923;COMMUNE DE JOUE-LES-TOURS (37);PLACE FRANCOIS MITTERAND BP 108;37300;JOUE-LES-TOURS (37);247397000;joue.contact@ville-jouelestours.fr;DALKIA (GROUPE EDF);37 AVENUE DU MARECHAL DE LATTRE DE TASSIGNY;59350;SAINT-ANDRE-LEZ-LILLE (59);320634242;guillaume.coupeau@dalkia.fr;SPDC;JOUE-LES-TOURS;37122;37;37300;1;*84940;9000;ENR&R >= 70%;Oui;Non;Non;Non;Oui;Oui;Non;Biomasse Gaz Fioul;0.1;Oui;6 958 équivalents logements (source : Via Sèva);36517;17546;Oui;74555;+ 2 Gwh / an;66;3;2;1
97;1;JOUE-LES-TOURS (37) | CFA;fiches_individuelles/fiche_rc_97.pdf;0.6390064;47.3447759;521768;6696492;CHAMBRE DE METIERS ET DE L'ARTISANAT D'INDRE-ET-LOIRE;36 - 42 ROUTE DE SAINT AVERTIN;37200;TOURS (37);247252400;;;;;;;;RT;JOUE-LES-TOURS;37122;37;37300;1;*550;550;ENR&R < 70%;Oui;Non;Non;Non;NC;NC;Non;Biomasse;NC;NC;;36517;NC;Non;*1400;0,5 à 2 Gwh / an;>70;2;3;3
100;;LE BOULAY (37) | Réseau communal;fiches_individuelles/fiche_inexistante.pdf;0.8580822;47.6083573;539096;6725291;;;;;;;;;;;;;NC;LE BOULAY;37030;37;37110;1;NC;NC;NC(Non connu);Oui;NC;NC;NC;NC;NC;NC;Biomasse;NC;NC;;493;NC;Néant;NC;NC;>70;0;3;2
99;1;LA RICHE (37) | La Riche - ZAC du Prieuré;fiches_individuelles/fiche_rc_99.pdf;0.6553795;47.3879406;523146;6701248;COMMUNE DE LA RICHE (37);PLACE DU MARECHAL LECLERC BP 102;37520;LA RICHE (37);247362424;la.mairie@ville-lariche.fr;DALKIA (GROUPE EDF);37 AVENUE DU MARECHAL DE LATTRE DE TASSIGNY;59350;SAINT-ANDRE-LEZ-LILLE (59);320634242;guillaume.coupeau@dalkia.fr;SPDC;LA RICHE;37195;37;37520;1;*3500;Non;Absence d'ENR&R;Non;Non;Non;Non;Oui;Non;Non;Gaz;0.234;Non;529 équivalents logements (source : Via Sèva);8594;1681;Oui;6221;+ 2 Gwh / an;0;3;1;3
102;;LERNE (37) | Réseau communal;fiches_individuelles/fiche_inexistante.pdf;0.1226151;47.1359206;481956;6674601;;;;;;;;;;;;;NC;LERNE;37126;37;37500;;NC;NC;NC(Non connu);Oui;NC;NC;NC;NC;NC;NC;Biomasse;NC;NC;;312;NC;Néant;NC;NC;>70;0;3;2
101;;LE LOUROUX (37) | Réseau communal;fiches_individuelles/fiche_inexistante.pdf;0.783333001;47.16666698;532300;6675700;;;;;;;;;;;;;NC;LE LOUROUX;37136;37;37240;;NC;NC;NC(Non connu);Oui;NC;NC;NC;NC;NC;NC;Biomasse;NC;NC;;425;NC;Néant;NC;NC;>70;0;3;2
104;1;LOCHE-SUR-INDROIS (37) | Mairie et école;fiches_individuelles/fiche_rc_104.pdf;1.2158223;47.0912042;564667;6667190;COMMUNE DE LOCHE-SUR-INDROIS (37);41 RUE DE LA MAIRIE;37460;LOCHE-SUR-INDROIS (37);247926155;mairie-loche-sur-indrois@wanadoo.fr;;;;;;;RT;LOCHE-SUR-INDROIS;37133;37;37460;1;NC;NC;NC(Non connu);Non;Oui;Non;Non;NC;NC;Non;Géothermie;NC;Non;;532;NC;Non;NC;NC;>70;0;3;0
103;1;LOCHES (37) | Collège Georges Besse;fiches_individuelles/fiche_rc_103.pdf;0.9819122;47.1284965;547034;6671758;CONSEIL DEPARTEMENTAL 37;18 PLACE DE LA PREFECTURE;37000;TOURS (37);247314731;;;;;;;;RT;LOCHES;37132;37;37600;1;*500;Non;Absence d'ENR&R;Non;Non;Non;Non;Oui;Non;Non;Gaz;0.234;Non;;6328;NC;Non;*500;+ 2 Gwh / an;0;2;1;3
106;;MANTHELAN (37) | Réseau communal;fiches_individuelles/fiche_inexistante.pdf;0.794485;47.135623;532853;6672929;;;;;;;;;;;;;NC;MANTHELAN;37143;37;37240;;NC;NC;NC(Non connu);Oui;NC;NC;NC;NC;NC;NC;Biomasse;NC;NC;;1145;NC;Néant;NC;NC;>70;0;3;2
105;;MAILLE (37) | Réseau communal;fiches_individuelles/fiche_inexistante.pdf;0.583332972;47.05;516400;6664200;;;;;;;;;;;;;NC;MAILLE;37142;37;37800;;NC;NC;NC(Non connu);Oui;NC;NC;NC;NC;NC;NC;Biomasse;NC;NC;;653;NC;Néant;NC;NC;>70;0;3;2
108;;NOTRE-DAME-D'OE (37) | Réseau communal CU Tours Plus;fiches_individuelles/fiche_inexistante.pdf;0.716667012;47.45;527300;6708800;;;;;;;;;;;;;NC;NOTRE-DAME-D'OE;37172;37;37390;1;NC;NC;NC(Non connu);Oui;NC;NC;NC;NC;NC;NC;Biomasse;NC;NC;;3359;NC;Néant;NC;NC;NC;0;0;2
107;1;METTRAY (37) | Assocation La Paternelle;fiches_individuelles/fiche_rc_107.pdf;0.6599548;47.4490027;523692;6708018;ASSOCIATION LA PATERNELLE;38 RUE AUGUSTIN FRESNEL;37390;METTRAY (37);;;;;;;;;RT;METTRAY;37152;37;37390;1;2450;900;ENR&R >= 70%;Oui;Non;Non;Non;Oui;NC;Non;Biomasse Gaz;NC;Non;;2029;NC;Non;1450;0,5 à 2 Gwh / an;84;2;3;1
110;1;NOUZILLY (37) | INRA depuis cogénération biogaz;fiches_individuelles/fiche_rc_110.pdf;0.7450006;47.5442375;530400;6718407;INRA FRANCE;147 RUE DE L'UNIVERSITE;75007;PARIS (75);142759000;;CAP VERT ENERGIE;;;;;;RT;NOUZILLY;37175;37;37380;1;470;470;ENR&R < 70%;Non;Non;Non;Oui;Non;Non;Biogaz;Chaleur récup.;NC;Oui;;1104;400;Non;300;0 à 0,5 Gwh / an;100;1;3;3
109;;NOUZILLY (37) | Domaine de chasse de Bois-le-Roi;fiches_individuelles/fiche_inexistante.pdf;0.749999978;47.54999998;530200;6718200;;;;;;;;;;;;;NC;NOUZILLY;37175;37;37380;;NC;NC;NC(Non connu);Oui;NC;NC;NC;NC;NC;NC;Biomasse;NC;NC;Localisation éloignée de la mairie;1104;NC;Néant;NC;NC;100;0;3;2
112;;PREUILLY-SUR-CLAISE (37) | Réseau communal;fiches_individuelles/fiche_inexistante.pdf;0.9291428;46.8544685;542237;6641436;;;;;;;;;;;;;NC;PREUILLY-SUR-CLAISE;37189;37;37290;;NC;NC;NC(Non connu);Oui;NC;NC;NC;NC;NC;NC;Biomasse;NC;NC;;1293;NC;Néant;NC;NC;>70;0;3;2
111;1;PERNAY (37) | Réseau communal;fiches_individuelles/fiche_rc_111.pdf;0.497111;47.4428401;511405;6707710;COMMUNE DE PERNAY (37);RUE DE LA MAIRIE;37230;PERNAY (37);247524383;mairie.pernay@neuf.fr;;;;;;;RT;PERNAY;37182;37;37230;1;*300;150;ENR&R < 70%;Non;Non;Oui;Non;Oui;Non;Non;UVE Gaz;0.023;Oui;;866;774;Non;147;0 à 0,5 Gwh / an;95;1;3;2
114;1;SAINT-BENOIT-LA-FORET (37) | UIOM;fiches_individuelles/fiche_rc_114.pdf;0.3224876;47.220891;497416;6683501;SMICTOM DU CHINONAIS;24 PLACE JEANNE D'ARC BP 203;37500;CHINON (37);;smictomduchinonais@smictom.com;INOVA FRANCE SA;85 AVENUE VICTOR HUGO;92563;RUEIL-MALMAISON (92);147100350;;NC;SAINT-BENOIT-LA-FORET;37210;37;37500;1;6600;6600;ENR&R >= 70%;Non;Non;Oui;Non;Non;Non;NC;UVE;NC;Non;Potentiel de valorisation de chaleur fatale à hauteur de 18 477 MWh / an;766;NC;NC;6523;+ 2 Gwh / an;100;3;3;1
113;1;SAINT-AVERTIN (37) | Groupe scolaire Plantin;fiches_individuelles/fiche_rc_113.pdf;0.7252598;47.3636985;528338;6698402;COMMUNE DE SAINT-AVERTIN (37);21 RUE DE ROCHEPINARD BP 128;37550;SAINT-AVERTIN (37);247484848;mairie@ville-saint-avertin.fr;;;;;;;RT;SAINT-AVERTIN;37208;37;37550;1;740;200;ENR&R < 70%;Oui;Non;Non;Non;Oui;Non;Non;Biomasse Gaz;0.035;Non;;14092;321;Non;765;0,5 à 2 Gwh / an;90;2;3;3
116;1;SAINTE-MAURE-DE-TOURAINE (37) | Centre hospitalier;fiches_individuelles/fiche_rc_116.pdf;0.6125319;47.1065277;518970;6670100;CENTRE HOSPITALIER DE SAINTE MAURE DE TOURAINE;90 AVENUE DU GENERAL DE GAULLE;37800;SAINTE-MAURE-DE-TOURAINE (37);247723232;;;;;;;;RT;SAINTE-MAURE-DE-TOURAINE;37226;37;37800;1;430;Non;Absence d'ENR&R;Non;Non;Non;Non;Oui;Non;Non;Gaz;0.234;Non;;3909;NC;Non;900;0,5 à 2 Gwh / an;0;2;1;1
115;1;SAINT-CYR-SUR-LOIRE (37) | Usine SKF;fiches_individuelles/fiche_rc_115.pdf;0.6629661;47.4168134;523813;6704437;SKF FRANCE (SAINT-CYR-SUR-LOIRE);204 BOULEVARD CHARLES DE GAULLE;37540;SAINT-CYR-SUR-LOIRE (37);;;DALKIA (GROUPE EDF);37 AVENUE DU MARECHAL DE LATTRE DE TASSIGNY;59350;SAINT-ANDRE-LEZ-LILLE (59);320634242;guillaume.coupeau@dalkia.fr;RT;SAINT-CYR-SUR-LOIRE;37214;37;37540;1;8700;2900;ENR&R >= 70%;Oui;Non;Non;Non;Oui;Non;Non;Biomasse Gaz;0.07;NC;;16100;NC;Non;16300;+ 2 Gwh / an;70;3;3;3
118;1;SAINT-PIERRE-DES-CORPS (37) | Quartier La Rabaterie;fiches_individuelles/fiche_rc_118.pdf;0.7226984;47.3924941;528237;6701605;CU TOUR(S) PLUS;60 AVENUE MARCEL DASSAULT BP 651;37000;TOURS (37);;tours-plus@agglo-toursplus.fr;CORPO ENERGIES SAS (SAINT-PIERRE-DES-CORPS);112 RUE DE LA RABATERIE;37700;SAINT-PIERRE-DES-CORPS (37);;;SPDC;SAINT-PIERRE-DES-CORPS;37233;37;37700;;19200;4500;ENR&R >= 70%;Oui;Non;Non;Non;Oui;Oui;Oui;Biomasse Gaz Fioul Autres;0.246;Non;2 335 équivalents logements (source : Via Sèva) | 2 chaudières bois 2 et 2,5MW | 2 ECS solaire;15773;5687;Oui;42000;+ 2 Gwh / an;62;3;2;3
117;;SAINT-FLOVIER (37) | Réseau communal;fiches_individuelles/fiche_inexistante.pdf;1.033332993;46.95000001;550000;6653800;;;;;;;;;;;;;NC;SAINT-FLOVIER;37218;37;37600;;NC;NC;NC(Non connu);Oui;NC;NC;NC;NC;NC;NC;Biomasse;NC;NC;;605;NC;Néant;NC;NC;>70;0;3;2
120;1;SEUILLY (37) | Abbaye de Seuilly;fiches_individuelles/fiche_rc_120.pdf;0.1714634;47.1354048;485654;6674410;CPIE TOURAINE - VAL-DE-LOIRE;4 ROUTE DE L'ABBAYE;37500;SEUILLY (37);247959315;info@cpievaldeloire.org;;;;;;;RT;SEUILLY;37248;37;37500;;*220;220;ENR&R < 70%;Oui;Non;Non;Non;NC;NC;Non;Biomasse;NC;Non;;369;NC;Non;350;0 à 0,5 Gwh / an;80;1;3;1
119;;SAINT-QUENTIN-SUR-INDROIS (37) | Cloître;fiches_individuelles/fiche_inexistante.pdf;1.016666682;47.2;550300;6680000;;;;;;;;;;;;;NC;SAINT-QUENTIN-SUR-INDROIS;37234;37;37310;;NC;NC;NC(Non connu);Oui;NC;NC;NC;NC;NC;NC;Biomasse;NC;NC;Localisation éloignée de la mairie;429;NC;Néant;NC;NC;>0;0;2;2
122;;TAUXIGNY (37) | Réseau communal;fiches_individuelles/fiche_inexistante.pdf;0.833333022;47.216667;536000;6681500;;;;;;;;;;;;;NC;TAUXIGNY;37254;37;37310;1;NC;NC;NC(Non connu);Oui;NC;NC;NC;NC;NC;NC;Biomasse;NC;NC;;1090;NC;Néant;NC;NC;>70;0;3;2
121;;SOUVIGNE (37) | Réseau communal;fiches_individuelles/fiche_inexistante.pdf;0.4;47.51666702;504200;6716500;;;;;;;;;;;;;NC;SOUVIGNE;37251;37;37330;;NC;NC;NC(Non connu);Oui;NC;NC;NC;NC;NC;NC;Biomasse;NC;NC;;554;NC;Néant;NC;NC;>70;0;3;2
124;;TOURS (37) | Ecole Jean de la Fontaine;fiches_individuelles/fiche_inexistante.pdf;0.702941;47.417287;526827;6704401;;;;;;;;;;;;;NC;TOURS;37261;37;37000;1;NC;NC;NC(Non connu);Oui;NC;NC;NC;NC;NC;NC;Biomasse;NC;NC;Localisation éloignée de la mairie;132820;NC;Néant;NC;NC;>70;0;3;2
123;;TOURS (37) | Bergeonnerie;fiches_individuelles/fiche_inexistante.pdf;0.6944641;47.3607139;526005;6698138;;;;;;;;;;;;;NC;TOURS;37261;37;37000;1;NC;NC;NC(Non connu);NC;NC;NC;NC;NC;NC;ENR non-précisée;;NC;NC;Localisation éloignée de la mairie;132820;538;Néant;NC;NC;NC;0;0;2
126;1;TOURS (37) | IUFM de Tours;fiches_individuelles/fiche_rc_126.pdf;0.6384785;47.3934975;521890;6701903;IUFM DE TOURS;;37000;TOURS (37);;;;;;;;;RT;TOURS;37261;37;37000;;1250;Non;Absence d'ENR&R;Non;Non;Non;Non;Oui;Non;Non;Gaz;0.234;Non;;132820;NC;Non;*1000;0,5 à 2 Gwh / an;0;2;1;1
125;;TOURS (37) | ING Les 2 Lions;fiches_individuelles/fiche_inexistante.pdf;0.680539;47.366145;524972;6698772;;;;;;;;;;;;;NC;TOURS;37261;37;37000;1;NC;NC;NC(Non connu);Oui;NC;NC;NC;NC;NC;NC;Biomasse;NC;NC;Localisation éloignée de la mairie;132820;NC;Néant;NC;NC;>0;0;2;2
128;1;TOURS (37) | Montjoyeux;fiches_individuelles/fiche_rc_128.pdf;0.7075776;47.3624594;527000;6698303;CU TOUR(S) PLUS;60 AVENUE MARCEL DASSAULT BP 651;37000;TOURS (37);;tours-plus@agglo-toursplus.fr;SCBC (SOCIETE DE CHAUFFAGE DES BORDS DU CHER);1 PROMENADE DE FLORENCE;37000;TOURS (37);247202168;;NC;TOURS;37261;37;37000;;82700;25000;ENR&R >= 70%;Oui;Non;Non;Non;Oui;Non;Oui;Biomasse Gaz Autres;0.11;Oui;13 809 équivalents logements (source : Via Sèva);132820;822;NC;147540;+ 2 Gwh / an;67;3;2;3
127;1;TOURS (37) | Les Ilôts;fiches_individuelles/fiche_rc_127.pdf;0.6862469;47.394503;525495;6701908;CU TOUR(S) PLUS;60 AVENUE MARCEL DASSAULT BP 651;37000;TOURS (37);;tours-plus@agglo-toursplus.fr;;;;;;;NC;TOURS;37261;37;37000;;NC;NC;NC(Non connu);NC;NC;Non;NC;Oui;NC;NC;Gaz;NC;NC;;132820;5238;NC;11201;+ 2 Gwh / an;NC;3;0;3
66;1;NEUVY-SAINT-SEPULCHRE (36) | Centre-ville;fiches_individuelles/fiche_rc_66.pdf;1.8072556;46.5958555;608693;6611335;COMMUNE DE NEUVY-SAINT-SEPULCHRE (36);1 PLACE CLEMENCEAU;36230;NEUVY-SAINT-SEPULCHRE (36);254308027;mairie.neuvysaintsepulchre@wanadoo.fr;;;;;;;SPDC;NEUVY-SAINT-SEPULCHRE;36141;36;36230;1;*500;500;ENR&R < 70%;Oui;Non;Non;Non;NC;NC;Non;Biomasse;NC;Non;;1654;NC;Oui;*1050;0,5 à 2 Gwh / an;>70;2;3;1
65;1;NEUILLAY-LES-BOIS (36) | Réseau communal;fiches_individuelles/fiche_rc_65.pdf;1.476167;46.7650936;583713;6630563;COMMUNE DE NEUILLAY-LES-BOIS (36);19 RUE PRINCIPALE;36500;NEUILLAY-LES-BOIS (36);254394012;mairie-neuillaylesbois@wanadoo.fr;;;;;;;SPDC;NEUILLAY-LES-BOIS;36139;36;36500;1;*300;200;ENR&R < 70%;Oui;Non;Non;Non;Oui;Non;Non;Biomasse Gaz;0.057;Non;;560;864;Oui;829;0,5 à 2 Gwh / an;80;2;3;1
68;;POULAINES (36) | Réseau communal n°2 (mairie, salle des fêtes, école);fiches_individuelles/fiche_inexistante.pdf;1.661874;47.15152;598611;6673220;;;;;;;;;;;;;NC;POULAINES;36162;36;36210;;NC;NC;NC(Non connu);Oui;NC;NC;NC;NC;NC;NC;Biomasse;NC;NC;;838;NC;Néant;NC;NC;>70;0;3;2
67;;POULAINES (36) | Bâtiments communaux;fiches_individuelles/fiche_inexistante.pdf;1.665062;47.151808;598853;6673248;;;;;;;;;;;;;NC;POULAINES;36162;36;36210;;NC;NC;NC(Non connu);Oui;NC;NC;NC;NC;NC;NC;Biomasse;NC;NC;;838;NC;Néant;NC;NC;>70;0;3;2
70;;ROSNAY (36) | Bâtiments du siège du PNR de la Brenne;fiches_individuelles/fiche_inexistante.pdf;1.216666997;46.70000002;563500;6623800;;;;;;;;;;;;;NC;ROSNAY;36173;36;36300;;NC;NC;NC(Non connu);Oui;Non;Non;Non;Oui;Non;Non;Biomasse Gaz;NC;Non;Localisation éloignée de la mairie;526;NC;Néant;150;0 à 0,5 Gwh / an;100;1;3;2
69;;RIVARENNES (36) | CC Brenne - Val de Creuse;fiches_individuelles/fiche_inexistante.pdf;0.9542003;46.7340344;543799;6628015;;;;;;;;;;;;;NC;RIVARENNES;36172;36;36800;;NC;NC;NC(Non connu);Oui;NC;NC;NC;NC;NC;NC;Biomasse;NC;NC;;544;NC;Néant;NC;NC;>70;0;3;2
72;;SAINT-AOUSTRILLE (36) | Pôle salle des fêtes;fiches_individuelles/fiche_inexistante.pdf;1.918519;46.938945;617732;6649313;;;;;;;;;;;;;NC;SAINT-AOUSTRILLE;36179;36;36100;;NC;NC;NC(Non connu);Oui;NC;NC;NC;NC;NC;NC;Biomasse;NC;NC;Granulés;159;NC;Néant;NC;NC;>70;0;3;2
71;;SAINT-AOUSTRILLE (36) | Pôle mairie;fiches_individuelles/fiche_inexistante.pdf;1.906128;46.981507;616855;6654053;;;;;;;;;;;;;NC;SAINT-AOUSTRILLE;36179;36;36100;;NC;NC;NC(Non connu);Oui;NC;NC;NC;NC;NC;NC;Biomasse;NC;NC;Granulés;159;NC;Néant;NC;NC;>70;0;3;2
74;1;SAINT-MAUR (36) | Maison centrale;fiches_individuelles/fiche_rc_74.pdf;1.4930776;46.7913609;585059;6633455;MAISON CENTRALE DE SAINT-MAUR;BEL AIR;36250;SAINT MAUR;254076247;;;;;;;;RT;SAINT-MAUR;36202;36;36250;;9000;Non;Absence d'ENR&R;Non;Non;Non;Non;Oui;Non;Non;Gaz;0.234;Non;;3340;NC;Non;5400;+ 2 Gwh / an;0;3;1;1
73;1;SAINT-MAUR (36) | Les Grands Chênes (gériatrie, psychiatrie);fiches_individuelles/fiche_rc_73.pdf;1.6687107;46.7731411;598420;6631191;CENTRE DEPARTEMENTAL DE GERIATRIE DE L’INDRE;216 AVENUE DE VERDUN;36006;CHATEAUROUX (36);254537635;dir.eco@cdgi36.fr;DALKIA (GROUPE EDF);37 AVENUE DU MARECHAL DE LATTRE DE TASSIGNY;59350;SAINT-ANDRE-LEZ-LILLE (59);320634242;guillaume.coupeau@dalkia.fr;RT;SAINT-MAUR;36202;36;36250;;4600;1300;ENR&R >= 70%;Oui;Non;Non;Non;Oui;Non;Non;Biomasse Gaz;NC;Non;Localisation éloignée de la mairie;3340;2678;Non;4300;+ 2 Gwh / an;84;3;3;1
76;1;SEGRY (36) | Abbaye de La Prée;fiches_individuelles/fiche_rc_76.pdf;2.1317487;46.907505;633913;6645621;EHPAD LES PETITS FRERES DES PAUVRES (SEGRY);LA PREE;36100;SEGRY (36);;;EHPAD LES PETITS FRERES DES PAUVRES (SEGRY);LA PREE;36100;SEGRY (36);;;RT;SEGRY;36215;36;36100;;700;300;ENR&R < 70%;Oui;Non;Non;Non;Non;Oui;Non;Biomasse Fioul;0.045;Non;;465;143;Non;563;0,5 à 2 Gwh / an;85;2;3;1
75;1;SAINT-PLANTAIRE (36) | Réseau communal;fiches_individuelles/fiche_rc_75.pdf;1.6716749;46.4567018;598055;6596049;COMMUNE DE SAINT-PLANTAIRE (36);LE BOURG;36190;SAINT-PLANTAIRE (36);254472118;mairie.stplantaire@wanadoo.fr;COMMUNE DE SAINT-PLANTAIRE (36);MAIRIE DE ET A;36190;SAINT-PLANTAIRE (36);;;SPDC;SAINT-PLANTAIRE;36207;36;36190;;*200;200;ENR&R < 70%;Oui;Non;Non;Non;NC;NC;Non;Biomasse;NC;Non;;550;1210;Oui;420;0 à 0,5 Gwh / an;95;1;3;1
78;;VICQ-EXEMPLET (36) | Réseau communal;fiches_individuelles/fiche_inexistante.pdf;2.133333006;46.633333;634200;6614600;COMMUNE DE VICQ EXEMPLET;Mairie;36400;VICQ-EXEMPLET (36);254300211;mairie.vicq-exemplet@wanadoo.fr;COMMUNE DE VICQ EXEMPLET;Mairie;36400;VICQ-EXEMPLET (36);254300211;mairie.vicq-exemplet@wanadoo.fr;RT;VICQ-EXEMPLET;36236;36;36400;;NC;NC;NC(Non connu);Oui;NC;NC;NC;NC;NC;NC;Biomasse;NC;NC;;360;NC;Néant;NC;NC;>70;0;3;2
77;;TOURNON-SAINT-MARTIN (36) | Bâtiments communaux;fiches_individuelles/fiche_inexistante.pdf;0.950000006;46.73333298;543800;6628100;;;;;;;;;;;;;NC;TOURNON-SAINT-MARTIN;36224;36;36220;;NC;NC;NC(Non connu);Oui;NC;NC;NC;NC;NC;NC;Biomasse;NC;NC;Granulés;1250;NC;Néant;NC;NC;>70;0;3;2
80;;AMBOISE (37) | Association Objectif;fiches_individuelles/fiche_inexistante.pdf;0.965514;47.417583;546619;6703891;;;;;;;;;;;;;NC;AMBOISE;37003;37;37400;1;NC;NC;NC(Non connu);Oui;NC;NC;NC;NC;NC;NC;Biomasse;NC;NC;Localisation éloignée de la mairie;11457;NC;Néant;NC;NC;NC;0;0;2
79;;AMBILLOU (37) | Réseau communal;fiches_individuelles/fiche_inexistante.pdf;0.450000021;47.45;507700;6708700;;;;;;;;;;;;;NC;AMBILLOU;37002;37;37340;;NC;NC;NC(Non connu);Oui;NC;NC;NC;NC;NC;NC;Biomasse;NC;NC;;1301;NC;Néant;NC;NC;>70;0;3;2
82;1;ATHEE-SUR-CHER (37) | Réseau autour de la mairie;fiches_individuelles/fiche_rc_82.pdf;0.9166941;47.3224149;542660;6693419;COMMUNE DE ATHEE-SUR-CHER (37);9 CHEMIN DES DAMES;37270;ATHEE-SUR-CHER (37);247506809;mairie-athee@wanadoo.fr;;;;;;;NC;ATHEE-SUR-CHER;37008;37;37270;1;NC;NC;NC(Non connu);Non;Oui;Non;Non;NC;NC;Non;Géothermie;NC;Non;;2019;NC;NC;NC;NC;>70;0;3;0
81;;AMBOISE (37) | Lycée Agricole;fiches_individuelles/fiche_inexistante.pdf;0.983332972;47.41666697;547800;6703100;;;;;;;;;;;;;NC;AMBOISE;37003;37;37400;1;NC;NC;NC(Non connu);Oui;NC;NC;NC;NC;NC;NC;Biomasse;NC;NC;Localisation éloignée de la mairie;11457;NC;Néant;NC;NC;>0;0;2;2
84;;BOSSAY-SUR-CLAISE (37) | Réseau communal;fiches_individuelles/fiche_inexistante.pdf;0.9618833;46.8322478;544667;6638904;;;;;;;;;;;;;NC;BOSSAY-SUR-CLAISE;37028;37;37290;;NC;NC;NC(Non connu);Oui;NC;NC;NC;NC;NC;NC;Biomasse;NC;NC;;787;NC;Néant;NC;NC;>70;0;3;2
83;1;AVOINE (37) | Boucle d'eau tempérée issue du CNPE;fiches_individuelles/fiche_rc_83.pdf;0.1668055;47.2216926;485645;6684001;CC CHINON, VIENNE ET LOIRE;32 RUE MARCEL VIGNAUD;37420;AVOINE;247937878;info@cc-cvl.fr;CC CHINON, VIENNE ET LOIRE;HOTEL DE VILLE - PLACE DU GENERAL DE GAULLE;37500;CHINON (37);;info@cc-cvl.fr;NC;AVOINE;37011;37;37420;1;NC;NC;NC(Non connu);Non;Non;Non;Oui;NC;NC;NC;Chaleur récup.;NC;Non;Chauffage de serres;1778;NC;NC;*200;0 à 0,5 Gwh / an;100;1;3;2
86;;CHARGE (37) | Réseau communal;fiches_individuelles/fiche_inexistante.pdf;1.033332993;47.433333;551500;6705300;;;;;;;;;;;;;NC;CHARGE;37060;37;37530;1;NC;NC;NC(Non connu);Oui;NC;NC;NC;NC;NC;NC;Biomasse;NC;NC;;947;NC;Néant;NC;NC;>70;0;3;2
85;;CHAMBRAY-LES-TOURS (37) | Entr'aide Ouvrière;fiches_individuelles/fiche_inexistante.pdf;0.7255776;47.3415141;528291;6695938;;;;;;;;;;;;;NC;CHAMBRAY-LES-TOURS;37050;37;37170;1;NC;NC;NC(Non connu);Oui;NC;NC;NC;NC;NC;NC;Biomasse;NC;NC;Localisation éloignée de la mairie;10275;54;Néant;NC;NC;>70;0;3;2
88;;CHEILLE (37) | Réseau communal;fiches_individuelles/fiche_inexistante.pdf;0.416666998;47.26666702;508000;6686800;;;;;;;;;;;;;NC;CHEILLE;37067;37;37190;;NC;NC;NC(Non connu);Oui;NC;NC;NC;NC;NC;NC;Biomasse;NC;NC;;1283;NC;Néant;NC;NC;>70;0;3;2
87;;"CHEDIGNY (37) | Village Vacances ""La Saulaie""";fiches_individuelles/fiche_inexistante.pdf;1.01855;47.2356127;550109;6683582;;;;;;;;;;;;;NC;CHEDIGNY;37066;37;37310;;NC;NC;NC(Non connu);Oui;NC;NC;NC;NC;NC;NC;Biomasse;NC;NC;Localisation éloignée de la mairie;435;NC;Néant;NC;NC;>70;0;3;2
90;1;CHINON (37) | Lycée polyvalent Rabelais;fiches_individuelles/fiche_rc_90.pdf;0.2353666;47.1627771;490601;6677277;REGION NOUVELLE CENTRE VAL DE LOIRE;9 RUE SAINT PIERRE LENTIN;45041;ORLEANS (45);238703030;danielle.lebon@regioncentre.fr;;;;;;;RT;CHINON;37072;37;37500;1;2265;Non;Absence d'ENR&R;Non;Non;Non;Non;Oui;Non;Non;Gaz;0.234;Non;;8716;NC;Non;1800;0,5 à 2 Gwh / an;0;2;1;2
89;1;CHINON (37) | Collège Jean Zay;fiches_individuelles/fiche_rc_89.pdf;0.2514702;47.1653046;491830;6677515;CONSEIL DEPARTEMENTAL 37;18 PLACE DE LA PREFECTURE;37000;TOURS (37);247314731;;;;;;;;RT;CHINON;37072;37;37500;1;*500;Non;Absence d'ENR&R;Non;Non;Non;Non;Oui;Non;Non;Gaz;0.234;Non;;8716;NC;Non;*500;+ 2 Gwh / an;0;2;1;3
92;;DESCARTES (37) | Réseau communal;fiches_individuelles/fiche_inexistante.pdf;0.676369;46.982334;523403;6656167;;;;;;;;;;;;;NC;DESCARTES;37115;37;37160;1;NC;NC;NC(Non connu);Oui;NC;NC;NC;NC;NC;NC;Biomasse;NC;NC;;4019;NC;Néant;NC;NC;>70;0;3;2
91;;CHOUZE-SUR-LOIRE (37) | Réseau communal;fiches_individuelles/fiche_inexistante.pdf;0.1274472;47.2364164;482728;6685743;;;;;;;;;;;;;NC;CHOUZE-SUR-LOIRE;37074;37;37140;;NC;NC;NC(Non connu);Oui;NC;NC;NC;NC;NC;NC;Biomasse;NC;NC;;2093;NC;Néant;NC;NC;>70;0;3;2
94;1;FONDETTES (37) | Village Vacances;fiches_individuelles/fiche_rc_94.pdf;0.6269686;47.4222085;521118;6705117;COMMUNE DE SAINT-DENIS (93);2 PLACE DU CAQUET;93200;SAINT-DENIS (93);149336666;;;;;;;;RT;FONDETTES;37109;37;37230;1;950;300;ENR&R < 70%;Oui;Non;Non;Non;Oui;Non;Non;Biomasse Gaz;0.057;Non;;8921;416;Non;800;0,5 à 2 Gwh / an;80;2;3;1
93;;DRACHE (37) | Réseau communal;fiches_individuelles/fiche_inexistante.pdf;0.616667026;47.05;519600;6664300;;;;;;;;;;;;;NC;DRACHE;37098;37;37800;;NC;NC;NC(Non connu);Oui;NC;NC;NC;NC;NC;NC;Biomasse;NC;NC;;635;NC;Néant;NC;NC;>70;0;3;2
96;;HUISMES (37) | Réseau communal;fiches_individuelles/fiche_inexistante.pdf;0.249999993;47.23333303;492100;6684900;;;;;;;;;;;;;NC;HUISMES;37118;37;37420;;NC;NC;NC(Non connu);Oui;NC;NC;NC;NC;NC;NC;Biomasse;NC;NC;;1390;NC;Néant;NC;NC;>70;0;3;2
95;;GENILLE (37) | Réseau communal;fiches_individuelles/fiche_inexistante.pdf;1.0987263;47.1851659;556038;6677831;;;;;;;;;;;;;NC;GENILLE;37111;37;37460;;NC;NC;NC(Non connu);Oui;NC;NC;NC;NC;NC;NC;Biomasse;NC;NC;;1425;NC;Néant;NC;NC;>70;0;3;2
162;;VILLENY (41) | Réseau communal;fiches_individuelles/fiche_inexistante.pdf;1.7550618;47.6233022;606497;6725506;;;;;;;;;;;;;NC;VILLENY;41285;41;41220;;NC;NC;NC(Non connu);Oui;NC;NC;NC;NC;NC;NC;Biomasse;NC;NC;;334;NC;Néant;NC;NC;>70;0;3;2
161;;VENDOME (41) | Réseau communal;fiches_individuelles/fiche_inexistante.pdf;1.066517;47.793543;555254;6745455;;;;;;;;;;;;;NC;VENDOME;41269;41;41100;1;NC;NC;NC(Non connu);Oui;NC;NC;NC;NC;NC;NC;Biomasse;NC;NC;;17707;NC;Néant;NC;NC;>0;0;2;2
164;1;AMILLY (45) | Collège Robert Schuman;fiches_individuelles/fiche_rc_164.pdf;2.759025;47.9934836;682026;6765927;CONSEIL DEPARTEMENTAL 45;15 RUE EUGENE VIGNAT;45000;ORLEANS (45);238254545;;;;;;;;RT;AMILLY;45004;45;45200;1;*200;Non;Absence d'ENR&R;Non;Non;Non;Non;Oui;Non;Non;Gaz;0.234;Non;;11497;NC;Non;*200;0 à 0,5 Gwh / an;0;1;1;3
163;1;VINEUIL (41) | ZAC des Paradis;fiches_individuelles/fiche_rc_163.pdf;1.3808961;47.5828278;578306;6721520;COMMUNE DE VINEUIL (41);ROUTE DE LA REPUBLIQUE;41350;VINEUIL (41);254505450;mairie.vineuil@vineuil41.fr;DALKIA (GROUPE EDF);37 AVENUE DU MARECHAL DE LATTRE DE TASSIGNY;59350;SAINT-ANDRE-LEZ-LILLE (59);320634242;guillaume.coupeau@dalkia.fr;SPDC;VINEUIL;41295;41;41350;;6000;2000;ENR&R >= 70%;Oui;Non;Non;Non;Oui;Non;Non;Biomasse Gaz;0.057;Non;388 équivalents logements (source : Via Sèva);6651;3617;Oui;3690;+ 2 Gwh / an;80;3;3;1
166;1;AMILLY (45) | Réseau intercommunal Hôpital depuis l’UIOM;fiches_individuelles/fiche_rc_166.pdf;2.7728259;47.9985326;683057;6766485;CA MONTARGOISE ET RIVES DU LOING (A.M.E.);1 RUE DU FAUBOURG DE LA CHAUSSEE BP 317;45200;MONTARGIS (45);238950202;;DALKIA (GROUPE EDF);37 AVENUE DU MARECHAL DE LATTRE DE TASSIGNY;59350;SAINT-ANDRE-LEZ-LILLE (59);320634242;guillaume.coupeau@dalkia.fr;SPDC;AMILLY;45004;45;45200;1;*7530;NC;NC(Non connu);Non;Non;Oui;Non;Oui;Non;Non;UVE Gaz;0.043;Oui;1 209 équivalents logements (source : Via Sèva);11497;2223;Oui;15713;+ 2 Gwh / an;84;3;3;1
165;1;AMILLY (45) | Lycée Le Chesnois;fiches_individuelles/fiche_rc_165.pdf;2.7294711;47.9655666;679811;6762832;REGION NOUVELLE CENTRE VAL DE LOIRE;9 RUE SAINT PIERRE LENTIN;45041;ORLEANS (45);238703030;danielle.lebon@regioncentre.fr;;;;;;;RT;AMILLY;45004;45;45200;1;NC;700;ENR&R >= 70%;Non;Non;Non;Non;Non;Oui;Non;Fioul;NC;Non;;11497;NC;Non;970;0,5 à 2 Gwh / an;>0;2;2;1
168;1;BEAUGENCY (45) | Collège Robert Goupil;fiches_individuelles/fiche_rc_168.pdf;1.6280052;47.7755346;597249;6742575;CONSEIL DEPARTEMENTAL 45;15 RUE EUGENE VIGNAT;45000;ORLEANS (45);238254545;;;;;;;;RT;BEAUGENCY;45028;45;45190;1;*200;Non;Absence d'ENR&R;Non;Non;Non;Non;NC;NC;Non;;NC;Non;;7106;NC;Non;*200;0 à 0,5 Gwh / an;0;1;1;3
167;;ASCHERES-LE-MARCHE (45) | Réseau communal;fiches_individuelles/fiche_inexistante.pdf;2.0084206;48.107238;626200;6779004;;;;;;;;;;;;;NC;ASCHERES-LE-MARCHE;45009;45;45170;1;NC;NC;NC(Non connu);Oui;NC;NC;NC;NC;NC;NC;Biomasse;NC;NC;;1052;NC;Néant;NC;NC;>70;0;3;2
170;1;BEAUNE-LA-ROLANDE (45) | Collège Frederic Bazille;fiches_individuelles/fiche_rc_170.pdf;2.4366488;48.0708181;658042;6774643;CONSEIL DEPARTEMENTAL 45;15 RUE EUGENE VIGNAT;45000;ORLEANS (45);238254545;;;;;;;;RT;BEAUNE-LA-ROLANDE;45030;45;45340;1;*200;Non;Absence d'ENR&R;Non;Non;Non;Non;Oui;Non;Non;Gaz;0.234;Non;;2102;NC;Non;*200;0 à 0,5 Gwh / an;0;1;1;1
169;;BEAULIEU-SUR-LOIRE (45) | Réseau communal;fiches_individuelles/fiche_inexistante.pdf;2.8126969;47.544581;685911;6716040;;;;;;;;;;;;;NC;BEAULIEU-SUR-LOIRE;45029;45;45630;;NC;NC;NC(Non connu);Oui;NC;NC;NC;NC;NC;NC;Biomasse;NC;NC;;1693;NC;Néant;NC;NC;>70;0;3;2
172;1;CHALETTE-SUR-LOING (45) | Collège Pablo Picasso;fiches_individuelles/fiche_rc_172.pdf;2.7352205;48.0324974;680265;6770268;CONSEIL DEPARTEMENTAL 45;15 RUE EUGENE VIGNAT;45000;ORLEANS (45);238254545;;;;;;;;RT;CHALETTE-SUR-LOING;45068;45;45120;1;*200;NC;NC(Non connu);Non;Oui;Non;Non;Oui;Non;Non;Géothermie Gaz;NC;Non;;13969;NC;Non;*200;0 à 0,5 Gwh / an;>70;1;3;1
171;;CEPOY (45) | Réseau communal;fiches_individuelles/fiche_inexistante.pdf;2.733332977;48.05000002;680400;6771800;;;;;;;;;;;;;NC;CEPOY;45061;45;45120;1;NC;NC;NC(Non connu);Oui;NC;NC;NC;NC;NC;NC;Biomasse;NC;NC;;2064;NC;Néant;NC;NC;>70;0;3;2
174;1;CHATILLON-SUR-LOIRE (45) | Collège  Dezarnaulds;fiches_individuelles/fiche_rc_174.pdf;2.7446363;47.5905928;680808;6721166;CONSEIL DEPARTEMENTAL 45;15 RUE EUGENE VIGNAT;45000;ORLEANS (45);238254545;;;;;;;;RT;CHATILLON-SUR-LOIRE;45087;45;45360;1;*200;Non;Absence d'ENR&R;Non;Non;Non;Non;NC;NC;Aérothermie;;NC;Non;;2947;NC;Non;*200;0 à 0,5 Gwh / an;0;1;1;2
173;1;CHATEAUNEUF-SUR-LOIRE (45) | Collège Jean Joudiou;fiches_individuelles/fiche_rc_173.pdf;2.2199912;47.8658831;641681;6752009;CONSEIL DEPARTEMENTAL 45;15 RUE EUGENE VIGNAT;45000;ORLEANS (45);238254545;;;;;;;;RT;CHATEAUNEUF-SUR-LOIRE;45082;45;45110;1;*200;Non;Absence d'ENR&R;Non;Non;Non;Non;Oui;Non;Non;Gaz;0.234;Non;;7032;NC;Non;200;0 à 0,5 Gwh / an;0;1;1;3
176;1;CORBEILLES (45) | Réseau communal;fiches_individuelles/fiche_rc_176.pdf;2.5533553;48.07382;666736;6774921;COMMUNE DE CORBEILLES (45);LE CHÂTEAU BP 18;45490;CORBEILLES (45);238922010;administratif@mairie-corbeilles.fr;;;;;;;RT;CORBEILLES;45103;45;45490;1;1100;400;ENR&R < 70%;Oui;Non;Non;Non;Non;Oui;Non;Biomasse Fioul;0.023;Non;;1467;771;Non;925;0,5 à 2 Gwh / an;90;2;3;2
175;1;CHILLEURS-AUX-BOIS (45) | Château de Chamerolles;fiches_individuelles/fiche_rc_175.pdf;2.1647772;48.0590532;637780;6773515;CONSEIL DEPARTEMENTAL 45;15 RUE EUGENE VIGNAT;45000;ORLEANS (45);238254545;;;;;;;;RT;CHILLEURS-AUX-BOIS;45095;45;45170;1;430;200;ENR&R < 70%;Oui;Non;Non;Non;Non;Oui;Non;Biomasse Fioul;0.07;Non;;1703;NC;Non;*500;+ 2 Gwh / an;70;2;3;1
178;1;DADONVILLE (45) | Salle polyvalente + mairie + SIRIS;fiches_individuelles/fiche_rc_178.pdf;2.2541511;48.1412643;644524;6782584;COMMUNE DE DADONVILLE (45);RUE DU PRESSOIR;45300;DADONVILLE (45);238330019;contact@dadonville.fr;;;;;;;RT;DADONVILLE;45119;45;45300;1;120;120;ENR&R < 70%;Non;Oui;Non;Non;Non;Non;Non;Géothermie;0.05;Non;;1873;110;Non;136;0 à 0,5 Gwh / an;100;1;3;3
177;1;COURTENAY (45) | Réseau communal;fiches_individuelles/fiche_rc_177.pdf;3.0538867;48.0375163;704016;6770794;COMMUNE DE COURTENAY (45);1 PLACE HONORE COMBE;45320;COURTENAY (45);238974046;contact@courtenay45.fr;;;;;;;RT;COURTENAY;45115;45;45320;1;*400;400;ENR&R < 70%;Oui;Non;Non;Non;Oui;Non;Non;Biomasse Gaz;0.035;Non;;3437;388;Non;*750;0,5 à 2 Gwh / an;85;2;3;3
180;1;FLEURY-LES-AUBRAIS (45) | 3F Les Andrillons;fiches_individuelles/fiche_rc_180.pdf;1.9110062;47.9361375;618688;6760088;GROUPE IMMOBILIER 3F - LES ANDRILLONS;8 RUE FERNAND LEGER;45400;FLEURY-LES-AUBRAIS (45);;;ENGIE COFELY CENTRE-OUEST;2 RUE DE LA TOUCHE LAMBERT;35510;CESSON-SEVIGNE (35);299276565;eric.lecorre@engie.com;RT;FLEURY-LES-AUBRAIS;45147;45;45400;1;4150;700;ENR&R >= 70%;Oui;Non;Non;Non;Oui;Non;Non;Biomasse Gaz;0.082;Non;;20690;404;Non;4252;+ 2 Gwh / an;65;3;2;3
179;1;DRY (45) | EHPAD (Villecante);fiches_individuelles/fiche_rc_179.pdf;1.7271634;47.8048735;604727;6745710;EHPAD - MAISON DE RETRAITE DEPARTEMENTALE DE VILLECANTE;1277 RUE ROGER OLLIVIER;45370;DRY (45);238457085;;;;;;;;RT;DRY;45130;45;45370;1;2336;400;ENR&R < 70%;Oui;Non;Non;Non;Non;Oui;Non;Biomasse Fioul;NC;Non;;1191;184;Non;1500;0,5 à 2 Gwh / an;80;2;3;1
182;1;FLEURY-LES-AUBRAIS (45) | Réseau communal;fiches_individuelles/fiche_rc_182.pdf;1.9189577;47.9284616;619270;6759227;COMMUNE DE FLEURY-LES-AUBRAIS (45);7 PLACE DE LA REPUBLIQUE BP 12200;45400;FLEURY-LES-AUBRAIS (45);238719393;secretariat.mairie@ville-fleurylesaubrais.fr;SOFLEC (SOCIETE DE CHAUFFAGE FLEURY);76 BOULEVARD DE LAMBALLE;45400;FLEURY-LES-AUBRAIS (45);238619611;;SPDC;FLEURY-LES-AUBRAIS;45147;45;45400;1;26000;4500;ENR&R >= 70%;Oui;Non;Non;Non;Oui;Non;Non;Biomasse Gaz;0.07;Oui;2 041 équivalents logements (source : Via Sèva);20690;7443;Oui;26194;+ 2 Gwh / an;70;3;3;3
181;1;FLEURY-LES-AUBRAIS (45) | EPSM Georges Daumezon;fiches_individuelles/fiche_rc_181.pdf;1.9426505;47.9451117;621064;6761053;EPSM GEORGES DAUMEZON;;;;;;;;;;;;RT;FLEURY-LES-AUBRAIS;45147;45;45400;1;3500;Non;Absence d'ENR&R;Non;Non;Non;Non;Oui;Oui;Non;Gaz Fioul;0.234;NC;;20690;2048;Non;10200;+ 2 Gwh / an;0;3;1;3
184;1;GIEN (45) | Collège Jean Mermoz;fiches_individuelles/fiche_rc_184.pdf;2.6213102;47.7080363;671602;6734251;CONSEIL DEPARTEMENTAL 45;15 RUE EUGENE VIGNAT;45000;ORLEANS (45);238254545;;;;;;;;RT;GIEN;45155;45;45500;1;*200;Non;Absence d'ENR&R;Non;Non;Non;Non;NC;NC;Non;;NC;Non;;15332;NC;Non;*200;0 à 0,5 Gwh / an;0;1;1;1
